neighbors	src	gold	pred	neighbor_src	neighbor_out	neighbor_gold	analogy	matches_pred	matches_gold	class_gold	class_pred	class_neighbor
model_sep	ɡ ɛ t	ɡ ɑː t	ɡ ɛ t	ɡ l uː	ɡ l uː d	ɡ l uː d	ɡ ɛ t d	0	0	vowel_change	no_change	reg_d
model_sep	p ʊ t	p ʊ t	p ʊ t	p ɛ t	p ɛ t	p ɛ t ə d	p ʊ t	1	1	no_change	no_change	no_change
model_sep	ɡ o ʊ	w ɛ n t	ɡ uː	ɡ l uː	ɡ l uː d	ɡ l uː d	ɡ o ʊ d	0	0	other	vowel_change	reg_d
model_sep	iː t	e ɪ t	iː d iː d	t͡ʃ uː	t͡ʃ uː d	t͡ʃ uː d	iː t d	0	0	vowel_change	other	reg_d
model_sep	w ɔ n t	w ɔ n t ə d	w ɔ n t ə d	w a ɪ p	w a ɪ p t	w a ɪ p t	w ɔ n t t	0	0	reg_əd	reg_əd	reg_t
model_sep	n ɑː k	n ɑː k t	n ɑː k t	n o ʊ	n uː	n uː	NA	0	0	reg_t	reg_t	vowel_change
model_sep	l ɪ s ə n	l ɪ s ə n d	l ɪ s ə n d	l a ɪ k	l a ɪ k t	l a ɪ k t	l ɪ s ə n t	0	0	reg_d	reg_d	reg_t
model_sep	p ʌ f	p ʌ f t	p ʌ f t	p e ɪ	p e ɪ d	p e ɪ d	p ʌ f d	0	0	reg_t	reg_t	reg_d
model_sep	h o ʊ p	h o ʊ p t	h o ʊ p t	h o ʊ l	h o ʊ l d	h o ʊ l d	h o ʊ p d	0	0	reg_t	reg_t	reg_d
model_sep	n iː d	n iː d ə d	n ɛ d ə d	n ɪ t	n ɪ t ə d	n ɪ t ə d	n iː d ə d	0	1	reg_əd	other	reg_əd
model_sep	k æ t͡ʃ	k ɔ t	k æ t͡ʃ t	k iː p	k ɛ p t	k ɛ p t	NA	0	0	rhyme_replaced	reg_t	vowel_change_suffix
model_sep	z ɪ p ɹ̩	z ɪ p ɹ̩ d	z ɪ p ɹ̩ d	z ɪ p	z ɪ p t	z ɪ p t	z ɪ p ɹ̩ t	0	0	reg_d	reg_d	reg_t
model_sep	h ɑː p	h ɑː p t	h ɑː p t	h ɹ̩ iː	h ɹ̩ iː d	h ɹ̩ iː d	h ɑː p d	0	0	reg_t	reg_t	reg_d
model_sep	k æ r iː	k æ r iː d	k æ r iː d	k r æ k	k r æ k t	k r æ k t	k æ r iː t	0	0	reg_d	reg_d	reg_t
model_sep	r ɪ t ɹ̩ n	r ɪ t ɹ̩ n d	r ɪ t ɹ̩ n d	r ɑː k ə t	r ɑː k ə t ə d	r ɑː k ə t ə d	r ɪ t ɹ̩ n ə d	0	0	reg_d	reg_d	reg_əd
model_sep	f iː d	f ɛ d	f iː d ə d	f ɪ t	f ɪ t	f ɪ t	f iː d	0	0	vowel_change	reg_əd	no_change
model_sep	ɡ ɑː b ə l	ɡ ɑː b ə l d	ɡ ɑː b ə l d	ɡ r e ɪ t	ɡ r e ɪ t ə d	ɡ r e ɪ t ə d	ɡ ɑː b ə l ə d	0	0	reg_d	reg_d	reg_əd
model_sep	o ʊ p ə n	o ʊ p ə n d	o ʊ p ə n d	o ʊ	o ʊ d	o ʊ d	o ʊ p ə n d	1	1	reg_d	reg_d	reg_d
model_sep	h o ʊ l d	h ɛ l d	h o ʊ l d ə d	h æ p ə n	h æ p ə n d	h æ p ə n d	h o ʊ l d d	0	0	vowel_change	reg_əd	reg_d
model_sep	d ɪ l ɪ v ɹ̩	d ɪ l ɪ v ɹ̩ d	d ɪ l ɪ v ɹ̩ d	d ɪ s a ɪ d	d ɪ s a ɪ d ə d	d ɪ s a ɪ d ə d	d ɪ l ɪ v ɹ̩ ə d	0	0	reg_d	reg_d	reg_əd
model_sep	r ʌ b	r ʌ b d	r æ b d	r æ p	r æ p t	r æ p t	r ʌ b t	0	0	reg_d	vowel_change_suffix	reg_t
model_sep	w ɑː t͡ʃ	w ɑː t͡ʃ t	w ɑː t͡ʃ t	w ɹ̩ iː	w ɹ̩ iː d	w ɹ̩ iː d	w ɑː t͡ʃ d	0	0	reg_t	reg_t	reg_d
model_sep	p l iː z	p l iː z d	p l iː z d	p o ʊ k	p o ʊ k t	p o ʊ k t	p l iː z t	0	0	reg_d	reg_d	reg_t
model_sep	w ɔ k	w ɔ k t	w ɔ k t	w ɹ̩ k	w ɹ̩ k t	w ɹ̩ k t	w ɔ k t	1	1	reg_t	reg_t	reg_t
model_sep	p æ k	p æ k t	p æ k t	p ɪ k	p ɪ k t	p ɪ k t	p æ k t	1	1	reg_t	reg_t	reg_t
model_sep	s a ʊ n d	s a ʊ n d ə d	s a ʊ n d	s p ɛ n d	s p ɛ n t	s p ɛ n t	s a ʊ n t	0	0	reg_əd	no_change	coda_change
model_sep	ɡ r æ b	ɡ r æ b d	ɡ r æ b b	ɡ r o ʊ	ɡ r uː	ɡ r uː	NA	0	0	reg_d	other	vowel_change
model_sep	m æ n	m æ n d	m æ n	m æ t͡ʃ	m æ t͡ʃ t	m æ t͡ʃ t	m æ n t	0	0	reg_d	no_change	reg_t
model_sep	f iː l	f ɛ l t	f iː l d	f uː l	f uː l d	f uː l d	f iː l d	1	0	vowel_change_suffix	reg_d	reg_d
model_sep	n e ɪ m	n e ɪ m d	n e ɪ m d	n ʌ m b ɹ̩	n ʌ m b ɹ̩ d	n ʌ m b ɹ̩ d	n e ɪ m d	1	1	reg_d	reg_d	reg_d
model_sep	f l o ʊ	f l o ʊ d	f l uː	f ɹ̩ ð ɹ̩	f ɹ̩ ð ɹ̩ d	f ɹ̩ ð ɹ̩ d	f l o ʊ d	0	1	reg_d	vowel_change	reg_d
model_sep	w ɛ ð ɹ̩	w ɛ ð ɹ̩ d	w ɛ ð ɹ̩ d	w ɔ t ɹ̩	w ɔ t ɹ̩ d	w ɔ t ɹ̩ d	w ɛ ð ɹ̩ d	1	1	reg_d	reg_d	reg_d
model_sep	l a ɪ	l e ɪ	l a ɪ d	l e ɪ	l e ɪ d	l e ɪ d	l a ɪ d	1	0	vowel_change	reg_d	reg_d
model_sep	k r æ ʃ	k r æ ʃ t	k r æ ʃ t	k r æ k	k r æ k t	k r æ k t	k r æ ʃ t	1	1	reg_t	reg_t	reg_t
model_sep	p e ɪ d͡ʒ	p e ɪ d͡ʒ d	p e ɪ d͡ʒ d	p a ɪ l	p a ɪ l d	p a ɪ l d	p e ɪ d͡ʒ d	1	1	reg_d	reg_d	reg_d
model_sep	t͡ʃ o ʊ k	t͡ʃ o ʊ k t	t͡ʃ o ʊ k t	t͡ʃ e ɪ s	t͡ʃ e ɪ s t	t͡ʃ e ɪ s t	t͡ʃ o ʊ k t	1	1	reg_t	reg_t	reg_t
model_sep	b l ɛ s	b l ɛ s t	b l ɛ s t	b æ s k	b æ s k t	b æ s k t	b l ɛ s t	1	1	reg_t	reg_t	reg_t
model_sep	d ɪ ŋ	d ɪ ŋ d	d ʌ ŋ	d a ɪ	d a ɪ d	d a ɪ d	d ɪ ŋ d	0	1	reg_d	vowel_change	reg_d
model_sep	s ɛ l	s o ʊ l d	s ɛ l d	s ɛ t	s ɛ t	s ɛ t	s ɛ l	0	0	vowel_change_suffix	reg_d	no_change
model_sep	b ɪ ɡ ɪ n	b ɪ ɡ æ n	b ɪ ɡ ɪ n d	b ə l uː n	b ə l uː n d	b ə l uː n d	b ɪ ɡ ɪ n d	1	0	vowel_change	reg_d	reg_d
model_sep	d͡ʒ ɔ ɪ n	d͡ʒ ɔ ɪ n d	d͡ʒ ɔ ɪ n d	d͡ʒ ʌ m p	d͡ʒ ʌ m p t	d͡ʒ ʌ m p t	d͡ʒ ɔ ɪ n t	0	0	reg_d	reg_d	reg_t
model_sep	l ɑː k	l ɑː k t	l ɑː k t	l ɪ k	l ɪ k t	l ɪ k t	l ɑː k t	1	1	reg_t	reg_t	reg_t
model_sep	b ɪ l iː v	b ɪ l iː v d	b ɪ l iː b v d	b ɑː r o ʊ	b ɑː r o ʊ d	b ɑː r o ʊ d	b ɪ l iː v d	0	1	reg_d	coda_change	reg_d
model_sep	ə n d ɹ̩ s t æ n d	ə n d ɹ̩ s t ʊ d	ə s t ə d ə d	ə s o ʊ s iː e ɪ t	ə s o ʊ s iː e ɪ t ə d	ə s o ʊ s iː e ɪ t ə d	ə n d ɹ̩ s t æ n d ə d	0	0	rhyme_replaced	other	reg_əd
model_sep	t r e ɪ n	t r e ɪ n d	t r e ɪ n d	t r e ɪ l	t r e ɪ l d	t r e ɪ l d	t r e ɪ n d	1	1	reg_d	reg_d	reg_d
model_sep	k r ɔ l	k r ɔ l d	k r ɔ l d	k r iː m	k r iː m d	k r iː m d	k r ɔ l d	1	1	reg_d	reg_d	reg_d
model_sep	p æ t	p æ t ə d	p æ t	p ɛ t	p ɛ t	p ɛ t ə d	p æ t	1	0	reg_əd	no_change	no_change
model_sep	ɔ r d ɹ̩	ɔ r d ɹ̩ d	ɔ r d ɹ̩ d	ɔ f ɹ̩	ɔ f ɹ̩ d	ɔ f ɹ̩ d	ɔ r d ɹ̩ d	1	1	reg_d	reg_d	reg_d
model_sep	f l a ɪ	f l uː	f l a ɪ d	f a ɪ t	f ɔ t	f ɔ t	NA	0	0	vowel_change	reg_d	vowel_change
model_sep	l o ʊ d	l o ʊ d ə d	l o ʊ d	l ɪ f t	l ɪ f t ə d	l ɪ f t ə d	l o ʊ d ə d	0	1	reg_əd	no_change	reg_əd
model_sep	k ə m p l e ɪ n	k ə m p l e ɪ n d	k ə n t ə n d	k ə n t r o ʊ l	k ə n t r o ʊ l d	k ə n t r o ʊ l d	k ə m p l e ɪ n d	0	1	reg_d	other	reg_d
model_sep	b l ɛ n d	b l ɛ n d ə d	b l ɛ n d ə d	b ʌ b ə l	b ʌ b ə l d	b ʌ b ə l d	b l ɛ n d d	0	0	reg_əd	reg_əd	reg_d
model_sep	b l ɑː k	b l ɑː k t	b l ɑː k t	b l o ʊ	b l uː	b l uː	NA	0	0	reg_t	reg_t	vowel_change
model_sep	t ɪ p	t ɪ p t	t ɪ p t	t æ p	t æ p t	t æ p t	t ɪ p t	1	1	reg_t	reg_t	reg_t
model_sep	d͡ʒ ɛ t	d͡ʒ ɛ t ə d	d͡ʒ ɛ t	d͡ʒ ʌ m p	d͡ʒ ʌ m p t	d͡ʒ ʌ m p t	d͡ʒ ɛ t t	0	0	reg_əd	no_change	reg_t
model_sep	b r iː ð	b r iː ð d	b r iː ð d	b ɑː r k	b ɑː r k t	b ɑː r k t	b r iː ð t	0	0	reg_d	reg_d	reg_t
model_sep	d a ɪ ə l	d a ɪ ə l d	d a ɪ d ə l d	d r ɪ ŋ k	d r æ ŋ k	d r æ ŋ k	NA	0	0	reg_d	other	vowel_change
model_sep	m ɛ n ʃ ə n	m ɛ n ʃ ə n d	m ʃ t ə n t ə d	m a ɪ n d	m a ɪ n d ə d	m a ɪ n d ə d	m ɛ n ʃ ə n ə d	0	0	reg_d	other	reg_əd
model_sep	h ʌ ɡ	h ʌ ɡ d	h ʌ ɡ d	h æ ŋ	h ʌ ŋ	h ʌ ŋ	NA	0	0	reg_d	reg_d	vowel_change
model_sep	p a ʊ ɹ̩	p a ʊ ɹ̩ d	p a ʊ ɹ̩ d	p o ʊ k	p o ʊ k t	p o ʊ k t	p a ʊ ɹ̩ t	0	0	reg_d	reg_d	reg_t
model_sep	s ɑː k	s ɑː k t	s ɑː k t	s iː k	s iː k t	s ɔ t	s ɑː k t	1	1	reg_t	reg_t	reg_t
model_sep	w uː p	w uː p t	w uː p t	w ɹ̩ iː	w ɹ̩ iː d	w ɹ̩ iː d	w uː p d	0	0	reg_t	reg_t	reg_d
model_sep	r iː m a ɪ n d	r iː m a ɪ n d ə d	r iː m a ɪ n d ə d	r iː b a ʊ n d	r iː b a ʊ n d ə d	r iː b a ʊ n d ə d	r iː m a ɪ n d ə d	1	1	reg_əd	reg_əd	reg_əd
model_sep	h æ n d ə l	h æ n d ə l d	h n d ə n t ə l d	h e ɪ t	h e ɪ t ə d	h e ɪ t ə d	h æ n d ə l ə d	0	0	reg_d	other	reg_əd
model_sep	s n iː z	s n iː z d	s n d	s w uː p	s w uː p t	s w uː p t	s n iː z t	0	0	reg_d	other	reg_t
model_sep	v ɪ z ɪ t	v ɪ z ɪ t ə d	v ɪ z ɪ t ə d	v o ʊ t	v o ʊ t ə d	v o ʊ t ə d	v ɪ z ɪ t ə d	1	1	reg_əd	reg_əd	reg_əd
model_sep	s l a ɪ d	s l ɪ d	s l a ɪ d	s p r ɛ d	s p r ɛ d	s p r ɛ d	s l a ɪ d	1	0	vowel_change	no_change	no_change
model_sep	p l æ n	p l æ n d	p l æ n d	p æ n t	p æ n t ə d	p æ n t ə d	p l æ n ə d	0	0	reg_d	reg_d	reg_əd
model_sep	ɛ l b o ʊ	ɛ l b o ʊ d	ɛ l o ʊ d	ɛ n d͡ʒ ɔ ɪ	ɛ n d͡ʒ ɔ ɪ d	ɛ n d͡ʒ ɔ ɪ d	ɛ l b o ʊ d	0	1	reg_d	other	reg_d
model_sep	b ɑː k s	b ɑː k s t	b ɑː k s t	b æ s k	b æ s k t	b æ s k t	b ɑː k s t	1	1	reg_t	reg_t	reg_t
model_sep	ɪ n k l uː d	ɪ n k l uː d ə d	ɪ n d ɪ n d ə d	ɪ k s ɛ p t	ɪ k s ɛ p t ə d	ɪ k s ɛ p t ə d	ɪ n k l uː d ə d	0	1	reg_əd	other	reg_əd
model_sep	b ɹ̩ n	b ɹ̩ n d	b ɹ̩ n d	b æ ŋ	b æ ŋ d	b æ ŋ d	b ɹ̩ n d	1	1	reg_d	reg_d	reg_d
model_sep	ʃ e ɪ p	ʃ e ɪ p t	ʃ e ɪ p t	ʃ e ɪ k	ʃ ʊ k	ʃ ʊ k	NA	0	0	reg_t	reg_t	vowel_change
model_sep	b o ʊ n	b o ʊ n d	b o ʊ n d	b r ɪ ŋ	b r ɔ t	b r ɔ t	NA	0	0	reg_d	reg_d	rhyme_replaced
model_sep	f ɪ l	f ɪ l d	f ɪ l d	f ɔ l	f ɛ l	f ɛ l	NA	0	0	reg_d	reg_d	vowel_change
model_sep	m æ s k	m æ s k t	m æ s k t	m ɪ k s	m ɪ k s t	m ɪ k s t	m æ s k t	1	1	reg_t	reg_t	reg_t
model_sep	s ɛ l ə b r e ɪ t	s ɛ l ə b r e ɪ t ə d	s t r ə d ə d ə d	s ɹ̩ p r a ɪ z	s ɹ̩ p r a ɪ z d	s ɹ̩ p r a ɪ z d	s ɛ l ə b r e ɪ t d	0	0	reg_əd	other	reg_d
model_sep	k r ʌ m b ə l	k r ʌ m b ə l d	k t r ɛ l ə l d	k l a ɪ m	k l a ɪ m d	k l a ɪ m d	k r ʌ m b ə l d	0	1	reg_d	other	reg_d
model_sep	r ɑː k	r ɑː k t	r ɑː k t	r æ p	r æ p t	r æ p t	r ɑː k t	1	1	reg_t	reg_t	reg_t
model_sep	ɡ ɛ r ə n t iː	ɡ ɛ r ə n t iː d	ɡ ə n t ə n t ə d	ɡ r iː n	ɡ r iː n d	ɡ r iː n d	ɡ ɛ r ə n t iː d	0	1	reg_d	other	reg_d
model_sep	k ə n ɛ k t	k ə n ɛ k t ə d	k ə n t ə d	k l æ s	k l æ s t	k l æ s t	k ə n ɛ k t t	0	0	reg_əd	other	reg_t
model_sep	t ɔ s	t ɔ s t	t ɔ s t	t ɔ ɪ	t ɔ ɪ d	t ɔ ɪ d	t ɔ s d	0	0	reg_t	reg_t	reg_d
model_sep	iː v ɪ n	iː v ɪ n d	iː v d	m ɛ r iː	m ɛ r iː d	m ɛ r iː d	iː v ɪ n d	0	1	reg_d	other	reg_d
model_sep	b a ʊ n s	b a ʊ n s t	b a ʊ n s t	b ʌ t ə n	b ʌ t ə n d	b ʌ t ə n d	b a ʊ n s d	0	0	reg_t	reg_t	reg_d
model_sep	ɹ̩ n	ɹ̩ n d	ɹ̩ d ɹ̩ n d ɹ̩ d ɹ̩ d	r e ɪ s	r e ɪ s t	r e ɪ s t	ɹ̩ n t	0	0	reg_d	other	reg_t
model_sep	k l a ʊ d	k l a ʊ d ə d	k l a ʊ d	k ɹ̩ ɛ k t	k ɹ̩ ɛ k t ə d	k ɹ̩ ɛ k t ə d	k l a ʊ d ə d	0	1	reg_əd	no_change	reg_əd
model_sep	k ʌ p ə l	k ʌ p ə l d	k ʌ p ə l d	k l a ɪ m	k l a ɪ m d	k l a ɪ m d	k ʌ p ə l d	1	1	reg_d	reg_d	reg_d
model_sep	f l ʌ ʃ	f l ʌ ʃ t	f l ʌ ʃ t	f l ɪ p	f l ɪ p t	f l ɪ p t	f l ʌ ʃ t	1	1	reg_t	reg_t	reg_t
model_sep	h ɑː r n ə s	h ɑː r n ə s t	h r æ n t ə s t ə d	h æ n d	h æ n d ə d	h æ n d ə d	h ɑː r n ə s ə d	0	0	reg_t	other	reg_əd
model_sep	b r a ʊ n	b r a ʊ n d	b r a ʊ n d	b ə l uː n	b ə l uː n d	b ə l uː n d	b r a ʊ n d	1	1	reg_d	reg_d	reg_d
model_sep	s t ɪ ŋ k	s t ʌ ŋ k	s t ʊ k t ə d	s p æ ŋ k	s p æ ŋ k t	s p æ ŋ k t	s t ɪ ŋ k t	0	0	vowel_change	other	reg_t
model_sep	r iː f r ɛ ʃ	r iː f r ɛ ʃ t	r iː r ɛ ɛ f ɔ t ə d	r ɪ t a ɪ ɹ̩	r ɪ t a ɪ ɹ̩ d	r ɪ t a ɪ ɹ̩ d	r iː f r ɛ ʃ d	0	0	reg_t	other	reg_d
model_sep	p r ə f ɹ̩	p r ə f ɹ̩ d	p r ə r ə d	p e ɪ n t	p e ɪ n t ə d	p e ɪ n t ə d	p r ə f ɹ̩ ə d	0	0	reg_d	other	reg_əd
model_sep	s t iː l	s t o ʊ l	s t iː l d	s l iː p	s l ɛ p t	s l ɛ p t	NA	0	0	vowel_change	reg_d	vowel_change_suffix
model_sep	b æ n d	b æ n d ə d	b æ n t	b r ɛ d	b r ɛ d ə d	b r ɛ d ə d	b æ n d ə d	0	1	reg_əd	coda_change	reg_əd
model_sep	r ɪ d	r ɪ d	r ɪ d	r iː d	r ɛ d	r ɛ d	NA	0	0	no_change	no_change	vowel_change
model_sep	k o ʊ ɑː p ɹ̩ e ɪ t	k o ʊ ɑː p ɹ̩ e ɪ t ə d	k t	k l a ɪ m	k l a ɪ m d	k l a ɪ m d	k o ʊ ɑː p ɹ̩ e ɪ t d	0	0	reg_əd	other	reg_d
model_sep	b ɑː ð ɹ̩	b ɑː ð ɹ̩ d	b ɑː ð ɹ̩ d	b l o ʊ	b l uː	b l uː	NA	0	0	reg_d	reg_d	vowel_change
model_sep	r ɛ s t	r ɛ s t ə d	r ɛ s t	r e ɪ s	r e ɪ s t	r e ɪ s t	r ɛ s t t	0	0	reg_əd	no_change	reg_t
model_sep	ɑː k j ə p a ɪ	ɑː k j ə p a ɪ d	ɑː j p t	ɑː r ɡ j uː	ɑː r ɡ j uː d	ɑː r ɡ j uː d	ɑː k j ə p a ɪ d	0	1	reg_d	other	reg_d
model_mean	ɡ ɛ t	ɡ ɑː t	ɡ ɛ t	ɡ ɪ v	ɡ e ɪ v	ɡ e ɪ v	NA	0	0	vowel_change	no_change	vowel_change
model_mean	p ʊ t	p ʊ t	p ʊ t	p ʊ l	p ʊ l d	p ʊ l d	p ʊ t d	0	0	no_change	no_change	reg_d
model_mean	ɡ o ʊ	w ɛ n t	ɡ uː	ɡ r o ʊ	ɡ r uː	ɡ r uː	ɡ uː	1	0	other	vowel_change	vowel_change
model_mean	iː t	e ɪ t	iː d iː d	m iː t	m ɛ t	m ɛ t	ɛ t	0	0	vowel_change	other	vowel_change
model_mean	w ɔ n t	w ɔ n t ə d	w ɔ n t ə d	w ɔ t ɹ̩	w ɔ t ɹ̩ d	w ɔ t ɹ̩ d	w ɔ n t d	0	0	reg_əd	reg_əd	reg_d
model_mean	n ɑː k	n ɑː k t	n ɑː k t	n ɪ t	n ɪ t ə d	n ɪ t ə d	n ɑː k ə d	0	0	reg_t	reg_t	reg_əd
model_mean	l ɪ s ə n	l ɪ s ə n d	l ɪ s ə n d	l ɪ k	l ɪ k t	l ɪ k t	l ɪ s ə n t	0	0	reg_d	reg_d	reg_t
model_mean	p ʌ f	p ʌ f t	p ʌ f t	p ʌ m p	p ʌ m p t	p ʌ m p t	p ʌ f t	1	1	reg_t	reg_t	reg_t
model_mean	h o ʊ p	h o ʊ p t	h o ʊ p t	h o ʊ l	h o ʊ l d	h o ʊ l d	h o ʊ p d	0	0	reg_t	reg_t	reg_d
model_mean	n iː d	n iː d ə d	n ɛ d ə d	n ɪ t	n ɪ t ə d	n ɪ t ə d	n iː d ə d	0	1	reg_əd	other	reg_əd
model_mean	k æ t͡ʃ	k ɔ t	k æ t͡ʃ t	k æ ʃ	k æ ʃ t	k æ ʃ t	k æ t͡ʃ t	1	0	rhyme_replaced	reg_t	reg_t
model_mean	z ɪ p ɹ̩	z ɪ p ɹ̩ d	z ɪ p ɹ̩ d	z ɪ p	z ɪ p t	z ɪ p t	z ɪ p ɹ̩ t	0	0	reg_d	reg_d	reg_t
model_mean	h ɑː p	h ɑː p t	h ɑː p t	h ʊ k	h ʊ k t	h ʊ k t	h ɑː p t	1	1	reg_t	reg_t	reg_t
model_mean	k æ r iː	k æ r iː d	k æ r iː d	k iː	k iː d	k iː d	k æ r iː d	1	1	reg_d	reg_d	reg_d
model_mean	r ɪ t ɹ̩ n	r ɪ t ɹ̩ n d	r ɪ t ɹ̩ n d	r ɪ ŋ	r æ ŋ	r æ ŋ	NA	0	0	reg_d	reg_d	vowel_change
model_mean	f iː d	f ɛ d	f iː d ə d	f ɪ t	f ɪ t	f ɪ t	f iː d	0	0	vowel_change	reg_əd	no_change
model_mean	ɡ ɑː b ə l	ɡ ɑː b ə l d	ɡ ɑː b ə l d	ɡ ɪ v	ɡ e ɪ v	ɡ e ɪ v	NA	0	0	reg_d	reg_d	vowel_change
model_mean	o ʊ p ə n	o ʊ p ə n d	o ʊ p ə n d	o ʊ	o ʊ d	o ʊ d	o ʊ p ə n d	1	1	reg_d	reg_d	reg_d
model_mean	h o ʊ l d	h ɛ l d	h o ʊ l d ə d	h o ʊ l	h o ʊ l d	h o ʊ l d	h o ʊ l d d	0	0	vowel_change	reg_əd	reg_d
model_mean	d ɪ l ɪ v ɹ̩	d ɪ l ɪ v ɹ̩ d	d ɪ l ɪ v ɹ̩ d	d ɪ z ɹ̩ v	d ɪ z ɹ̩ v d	d ɪ z ɹ̩ v d	d ɪ l ɪ v ɹ̩ d	1	1	reg_d	reg_d	reg_d
model_mean	r ʌ b	r ʌ b d	r æ b d	r ʌ n	r æ n	r æ n	NA	0	0	reg_d	vowel_change_suffix	vowel_change
model_mean	w ɑː t͡ʃ	w ɑː t͡ʃ t	w ɑː t͡ʃ t	w ɑː ʃ	w ɑː ʃ t	w ɑː ʃ t	w ɑː t͡ʃ t	1	1	reg_t	reg_t	reg_t
model_mean	p l iː z	p l iː z d	p l iː z d	p l e ɪ	p l e ɪ d	p l e ɪ d	p l iː z d	1	1	reg_d	reg_d	reg_d
model_mean	w ɔ k	w ɔ k t	w ɔ k t	w ɔ t ɹ̩	w ɔ t ɹ̩ d	w ɔ t ɹ̩ d	w ɔ k d	0	0	reg_t	reg_t	reg_d
model_mean	p æ k	p æ k t	p æ k t	p æ s	p æ s t	p æ s t	p æ k t	1	1	reg_t	reg_t	reg_t
model_mean	s a ʊ n d	s a ʊ n d ə d	s a ʊ n d	s a ɪ z	s a ɪ z d	s a ɪ z d	s a ʊ n d d	0	0	reg_əd	no_change	reg_d
model_mean	ɡ r æ b	ɡ r æ b d	ɡ r æ b b	ɡ r æ n t	ɡ r æ n t ə d	ɡ r æ n t ə d	ɡ r æ b ə d	0	0	reg_d	other	reg_əd
model_mean	m æ n	m æ n d	m æ n	m æ t͡ʃ	m æ t͡ʃ t	m æ t͡ʃ t	m æ n t	0	0	reg_d	no_change	reg_t
model_mean	f iː l	f ɛ l t	f iː l d	f uː l	f uː l d	f uː l d	f iː l d	1	0	vowel_change_suffix	reg_d	reg_d
model_mean	n e ɪ m	n e ɪ m d	n e ɪ m d	n ɪ t	n ɪ t ə d	n ɪ t ə d	n e ɪ m ə d	0	0	reg_d	reg_d	reg_əd
model_mean	f l o ʊ	f l o ʊ d	f l uː	f l o ʊ t	f l o ʊ t ə d	f l o ʊ t ə d	f l o ʊ ə d	0	0	reg_d	vowel_change	reg_əd
model_mean	w ɛ ð ɹ̩	w ɛ ð ɹ̩ d	w ɛ ð ɹ̩ d	w ɹ̩ iː	w ɹ̩ iː d	w ɹ̩ iː d	w ɛ ð ɹ̩ d	1	1	reg_d	reg_d	reg_d
model_mean	l a ɪ	l e ɪ	l a ɪ d	l e ɪ	l e ɪ d	l e ɪ d	l a ɪ d	1	0	vowel_change	reg_d	reg_d
model_mean	k r æ ʃ	k r æ ʃ t	k r æ ʃ t	k r æ k	k r æ k t	k r æ k t	k r æ ʃ t	1	1	reg_t	reg_t	reg_t
model_mean	p e ɪ d͡ʒ	p e ɪ d͡ʒ d	p e ɪ d͡ʒ d	p e ɪ	p e ɪ d	p e ɪ d	p e ɪ d͡ʒ d	1	1	reg_d	reg_d	reg_d
model_mean	t͡ʃ o ʊ k	t͡ʃ o ʊ k t	t͡ʃ o ʊ k t	t͡ʃ ɑː p	t͡ʃ ɑː p t	t͡ʃ ɑː p t	t͡ʃ o ʊ k t	1	1	reg_t	reg_t	reg_t
model_mean	b l ɛ s	b l ɛ s t	b l ɛ s t	b l o ʊ	b l uː	b l uː	NA	0	0	reg_t	reg_t	vowel_change
model_mean	d ɪ ŋ	d ɪ ŋ d	d ʌ ŋ	d ɪ ɡ	d ʌ ɡ	d ʌ ɡ	NA	0	0	reg_d	vowel_change	vowel_change
model_mean	s ɛ l	s o ʊ l d	s ɛ l d	s ɛ t	s ɛ t	s ɛ t	s ɛ l	0	0	vowel_change_suffix	reg_d	no_change
model_mean	b ɪ ɡ ɪ n	b ɪ ɡ æ n	b ɪ ɡ ɪ n d	b ɪ l d	b ɪ l t	b ɪ l t	NA	0	0	vowel_change	reg_d	coda_change
model_mean	d͡ʒ ɔ ɪ n	d͡ʒ ɔ ɪ n d	d͡ʒ ɔ ɪ n d	d͡ʒ ʌ m p	d͡ʒ ʌ m p t	d͡ʒ ʌ m p t	d͡ʒ ɔ ɪ n t	0	0	reg_d	reg_d	reg_t
model_mean	l ɑː k	l ɑː k t	l ɑː k t	l ɪ k	l ɪ k t	l ɪ k t	l ɑː k t	1	1	reg_t	reg_t	reg_t
model_mean	b ɪ l iː v	b ɪ l iː v d	b ɪ l iː b v d	b ɪ l d	b ɪ l t	b ɪ l t	NA	0	0	reg_d	coda_change	coda_change
model_mean	ə n d ɹ̩ s t æ n d	ə n d ɹ̩ s t ʊ d	ə s t ə d ə d	ɪ n t ɹ̩ æ k t	ɪ n t ɹ̩ æ k t ə d	ɪ n t ɹ̩ æ k t ə d	ə n d ɹ̩ s t æ n d ə d	0	0	rhyme_replaced	other	reg_əd
model_mean	t r e ɪ n	t r e ɪ n d	t r e ɪ n d	t r e ɪ d	t r e ɪ d ə d	t r e ɪ d ə d	t r e ɪ n ə d	0	0	reg_d	reg_d	reg_əd
model_mean	k r ɔ l	k r ɔ l d	k r ɔ l d	k r æ k	k r æ k t	k r æ k t	k r ɔ l t	0	0	reg_d	reg_d	reg_t
model_mean	p æ t	p æ t ə d	p æ t	p æ n t	p æ n t ə d	p æ n t ə d	p æ t ə d	0	1	reg_əd	no_change	reg_əd
model_mean	ɔ r d ɹ̩	ɔ r d ɹ̩ d	ɔ r d ɹ̩ d	ɔ f ɹ̩	ɔ f ɹ̩ d	ɔ f ɹ̩ d	ɔ r d ɹ̩ d	1	1	reg_d	reg_d	reg_d
model_mean	f l a ɪ	f l uː	f l a ɪ d	f l a ʊ ɹ̩	f l a ʊ ɹ̩ d	f l a ʊ ɹ̩ d	f l a ɪ d	1	0	vowel_change	reg_d	reg_d
model_mean	l o ʊ d	l o ʊ d ə d	l o ʊ d	l o ʊ n	l o ʊ n d	l o ʊ n d	l o ʊ d d	0	0	reg_əd	no_change	reg_d
model_mean	k ə m p l e ɪ n	k ə m p l e ɪ n d	k ə n t ə n d	ə p iː r	ə p iː r d	ə p iː r d	k ə m p l e ɪ n d	0	1	reg_d	other	reg_d
model_mean	b l ɛ n d	b l ɛ n d ə d	b l ɛ n d ə d	b l o ʊ	b l uː	b l uː	NA	0	0	reg_əd	reg_əd	vowel_change
model_mean	b l ɑː k	b l ɑː k t	b l ɑː k t	b l o ʊ	b l uː	b l uː	NA	0	0	reg_t	reg_t	vowel_change
model_mean	t ɪ p	t ɪ p t	t ɪ p t	t æ p	t æ p t	t æ p t	t ɪ p t	1	1	reg_t	reg_t	reg_t
model_mean	d͡ʒ ɛ t	d͡ʒ ɛ t ə d	d͡ʒ ɛ t	d͡ʒ ʌ m p	d͡ʒ ʌ m p t	d͡ʒ ʌ m p t	d͡ʒ ɛ t t	0	0	reg_əd	no_change	reg_t
model_mean	b r iː ð	b r iː ð d	b r iː ð d	b r ɪ ŋ	b r ɔ t	b r ɔ t	NA	0	0	reg_d	reg_d	rhyme_replaced
model_mean	d a ɪ ə l	d a ɪ ə l d	d a ɪ d ə l d	d a ɪ n	d a ɪ n d	d a ɪ n d	d a ɪ ə l d	0	1	reg_d	other	reg_d
model_mean	m ɛ n ʃ ə n	m ɛ n ʃ ə n d	m ʃ t ə n t ə d	r ɛ n t͡ʃ	r ɛ n t͡ʃ t	r ɛ n t͡ʃ t	m ɛ n ʃ ə n t	0	0	reg_d	other	reg_t
model_mean	h ʌ ɡ	h ʌ ɡ d	h ʌ ɡ d	h æ ŋ	h ʌ ŋ	h ʌ ŋ	NA	0	0	reg_d	reg_d	vowel_change
model_mean	p a ʊ ɹ̩	p a ʊ ɹ̩ d	p a ʊ ɹ̩ d	p a ɪ l	p a ɪ l d	p a ɪ l d	p a ʊ ɹ̩ d	1	1	reg_d	reg_d	reg_d
model_mean	s ɑː k	s ɑː k t	s ɑː k t	s ʌ k	s ʌ k t	s ʌ k t	s ɑː k t	1	1	reg_t	reg_t	reg_t
model_mean	w uː p	w uː p t	w uː p t	w a ɪ p	w a ɪ p t	w a ɪ p t	w uː p t	1	1	reg_t	reg_t	reg_t
model_mean	r iː m a ɪ n d	r iː m a ɪ n d ə d	r iː m a ɪ n d ə d	r iː b a ʊ n d	r iː b a ʊ n d ə d	r iː b a ʊ n d ə d	r iː m a ɪ n d ə d	1	1	reg_əd	reg_əd	reg_əd
model_mean	h æ n d ə l	h æ n d ə l d	h n d ə n t ə l d	h æ p ə n	h æ p ə n d	h æ p ə n d	h æ n d ə l d	0	1	reg_d	other	reg_d
model_mean	s n iː z	s n iː z d	s n d	s iː d	s iː d ə d	s iː d ə d	s n iː z ə d	0	0	reg_d	other	reg_əd
model_mean	v ɪ z ɪ t	v ɪ z ɪ t ə d	v ɪ z ɪ t ə d	ɡ l uː	ɡ l uː d	ɡ l uː d	v ɪ z ɪ t d	0	0	reg_əd	reg_əd	reg_d
model_mean	s l a ɪ d	s l ɪ d	s l a ɪ d	s a ɪ z	s a ɪ z d	s a ɪ z d	s l a ɪ d d	0	0	vowel_change	no_change	reg_d
model_mean	p l æ n	p l æ n d	p l æ n d	p l e ɪ	p l e ɪ d	p l e ɪ d	p l æ n d	1	1	reg_d	reg_d	reg_d
model_mean	ɛ l b o ʊ	ɛ l b o ʊ d	ɛ l o ʊ d	ɛ n d	ɛ n d ə d	ɛ n d ə d	ɛ l b o ʊ ə d	0	0	reg_d	other	reg_əd
model_mean	b ɑː k s	b ɑː k s t	b ɑː k s t	b ɑː r k	b ɑː r k t	b ɑː r k t	b ɑː k s t	1	1	reg_t	reg_t	reg_t
model_mean	ɪ n k l uː d	ɪ n k l uː d ə d	ɪ n d ɪ n d ə d	n ɪ b ə l	n ɪ b ə l d	n ɪ b ə l d	ɪ n k l uː d d	0	0	reg_əd	other	reg_d
model_mean	b ɹ̩ n	b ɹ̩ n d	b ɹ̩ n d	b ɛ t	b ɛ t	b ɛ t	b ɹ̩ n	0	0	reg_d	reg_d	no_change
model_mean	ʃ e ɪ p	ʃ e ɪ p t	ʃ e ɪ p t	ʃ e ɪ k	ʃ ʊ k	ʃ ʊ k	NA	0	0	reg_t	reg_t	vowel_change
model_mean	b o ʊ n	b o ʊ n d	b o ʊ n d	b l o ʊ	b l uː	b l uː	NA	0	0	reg_d	reg_d	vowel_change
model_mean	f ɪ l	f ɪ l d	f ɪ l d	f ɪ t	f ɪ t	f ɪ t	f ɪ l	0	0	reg_d	reg_d	no_change
model_mean	m æ s k	m æ s k t	m æ s k t	m æ ʃ	m æ ʃ t	m æ ʃ t	m æ s k t	1	1	reg_t	reg_t	reg_t
model_mean	s ɛ l ə b r e ɪ t	s ɛ l ə b r e ɪ t ə d	s t r ə d ə d ə d	s ɛ p ɹ̩ e ɪ t	s ɛ p ɹ̩ e ɪ t ə d	s ɛ p ɹ̩ e ɪ t ə d	s ɛ l ə b r e ɪ t ə d	0	1	reg_əd	other	reg_əd
model_mean	k r ʌ m b ə l	k r ʌ m b ə l d	k t r ɛ l ə l d	r ʌ n	r æ n	r æ n	NA	0	0	reg_d	other	vowel_change
model_mean	r ɑː k	r ɑː k t	r ɑː k t	r iː t͡ʃ	r iː t͡ʃ t	r iː t͡ʃ t	r ɑː k t	1	1	reg_t	reg_t	reg_t
model_mean	ɡ ɛ r ə n t iː	ɡ ɛ r ə n t iː d	ɡ ə n t ə n t ə d	ɡ r æ n t	ɡ r æ n t ə d	ɡ r æ n t ə d	ɡ ɛ r ə n t iː ə d	0	0	reg_d	other	reg_əd
model_mean	k ə n ɛ k t	k ə n ɛ k t ə d	k ə n t ə d	n o ʊ	n uː	n uː	NA	0	0	reg_əd	other	vowel_change
model_mean	t ɔ s	t ɔ s t	t ɔ s t	t ɔ k	t ɔ k t	t ɔ k t	t ɔ s t	1	1	reg_t	reg_t	reg_t
model_mean	iː v ɪ n	iː v ɪ n d	iː v d	ə p iː r	ə p iː r d	ə p iː r d	iː v ɪ n d	0	1	reg_d	other	reg_d
model_mean	b a ʊ n s	b a ʊ n s t	b a ʊ n s t	b a ɪ t	b ɪ t	b ɪ t	NA	0	0	reg_t	reg_t	vowel_change
model_mean	ɹ̩ n	ɹ̩ n d	ɹ̩ d ɹ̩ n d ɹ̩ d ɹ̩ d	n ɹ̩ s	n ɹ̩ s t	n ɹ̩ s t	ɹ̩ n t	0	0	reg_d	other	reg_t
model_mean	k l a ʊ d	k l a ʊ d ə d	k l a ʊ d	k l o ʊ z	k l o ʊ z d	k l o ʊ z d	k l a ʊ d d	0	0	reg_əd	no_change	reg_d
model_mean	k ʌ p ə l	k ʌ p ə l d	k ʌ p ə l d	k ʌ l ɹ̩	k ʌ l ɹ̩ d	k ʌ l ɹ̩ d	k ʌ p ə l d	1	1	reg_d	reg_d	reg_d
model_mean	f l ʌ ʃ	f l ʌ ʃ t	f l ʌ ʃ t	f l æ p	f l æ p t	f l æ p t	f l ʌ ʃ t	1	1	reg_t	reg_t	reg_t
model_mean	h ɑː r n ə s	h ɑː r n ə s t	h r æ n t ə s t ə d	w ɑː n d ɹ̩	w ɑː n d ɹ̩ d	w ɑː n d ɹ̩ d	h ɑː r n ə s d	0	0	reg_t	other	reg_d
model_mean	b r a ʊ n	b r a ʊ n d	b r a ʊ n d	b r e ɪ k	b r o ʊ k	b r o ʊ k	NA	0	0	reg_d	reg_d	vowel_change
model_mean	s t ɪ ŋ k	s t ʌ ŋ k	s t ʊ k t ə d	s t ɪ l	s t ɪ l d	s t ɪ l d	s t ɪ ŋ k d	0	0	vowel_change	other	reg_d
model_mean	r iː f r ɛ ʃ	r iː f r ɛ ʃ t	r iː r ɛ ɛ f ɔ t ə d	r iː l iː s	r iː l iː s t	r iː l iː s t	r iː f r ɛ ʃ t	0	1	reg_t	other	reg_t
model_mean	p r ə f ɹ̩	p r ə f ɹ̩ d	p r ə r ə d	p r ɛ s	p r ɛ s t	p r ɛ s t	p r ə f ɹ̩ t	0	0	reg_d	other	reg_t
model_mean	s t iː l	s t o ʊ l	s t iː l d	s t ɪ l	s t ɪ l d	s t ɪ l d	s t iː l d	1	0	vowel_change	reg_d	reg_d
model_mean	b æ n d	b æ n d ə d	b æ n t	b ʌ s	b ʌ s t	b ʌ s t	b æ n d t	0	0	reg_əd	coda_change	reg_t
model_mean	r ɪ d	r ɪ d	r ɪ d	r ɪ ŋ	r æ ŋ	r æ ŋ	NA	0	0	no_change	no_change	vowel_change
model_mean	k o ʊ ɑː p ɹ̩ e ɪ t	k o ʊ ɑː p ɹ̩ e ɪ t ə d	k t	k o ʊ m	k o ʊ m d	k o ʊ m d	k o ʊ ɑː p ɹ̩ e ɪ t d	0	0	reg_əd	other	reg_d
model_mean	b ɑː ð ɹ̩	b ɑː ð ɹ̩ d	b ɑː ð ɹ̩ d	b ɑː r o ʊ	b ɑː r o ʊ d	b ɑː r o ʊ d	b ɑː ð ɹ̩ d	1	1	reg_d	reg_d	reg_d
model_mean	r ɛ s t	r ɛ s t ə d	r ɛ s t	r ɛ n t͡ʃ	r ɛ n t͡ʃ t	r ɛ n t͡ʃ t	r ɛ s t t	0	0	reg_əd	no_change	reg_t
model_mean	ɑː k j ə p a ɪ	ɑː k j ə p a ɪ d	ɑː j p t	k ɑː s t	k ɑː s t	k ɑː s t	ɑː k j ə p a ɪ	0	0	reg_d	other	no_change
model_stem	ɡ ɛ t	ɡ ɑː t	ɡ ɛ t	b ɛ t	b ɛ t	b ɛ t	ɡ ɛ t	1	0	vowel_change	no_change	no_change
model_stem	p ʊ t	p ʊ t	p ʊ t	b uː t	b uː t ə d	b uː t ə d	p ʊ t ə d	0	0	no_change	no_change	reg_əd
model_stem	ɡ o ʊ	w ɛ n t	ɡ uː	s o ʊ	s o ʊ d	s o ʊ d	ɡ o ʊ d	0	0	other	vowel_change	reg_d
model_stem	iː t	e ɪ t	iː d iː d	p r ə t ɛ k t	p r ə t ɛ k t ə d	p r ə t ɛ k t ə d	iː t ə d	0	0	vowel_change	other	reg_əd
model_stem	w ɔ n t	w ɔ n t ə d	w ɔ n t ə d	p æ n t	p æ n t ə d	p æ n t ə d	w ɔ n t ə d	1	1	reg_əd	reg_əd	reg_əd
model_stem	n ɑː k	n ɑː k t	n ɑː k t	b æ k	b æ k t	b æ k t	n ɑː k t	1	1	reg_t	reg_t	reg_t
model_stem	l ɪ s ə n	l ɪ s ə n d	l ɪ s ə n d	h æ p ə n	h æ p ə n d	h æ p ə n d	l ɪ s ə n d	1	1	reg_d	reg_d	reg_d
model_stem	p ʌ f	p ʌ f t	p ʌ f t	l æ f	l æ f t	l æ f t	p ʌ f t	1	1	reg_t	reg_t	reg_t
model_stem	h o ʊ p	h o ʊ p t	h o ʊ p t	p l ɑː p	p l ɑː p t	p l ɑː p t	h o ʊ p t	1	1	reg_t	reg_t	reg_t
model_stem	n iː d	n iː d ə d	n ɛ d ə d	s iː d	s iː d ə d	s iː d ə d	n iː d ə d	0	1	reg_əd	other	reg_əd
model_stem	k æ t͡ʃ	k ɔ t	k æ t͡ʃ t	t ʌ t͡ʃ	t ʌ t͡ʃ t	t ʌ t͡ʃ t	k æ t͡ʃ t	1	0	rhyme_replaced	reg_t	reg_t
model_stem	z ɪ p ɹ̩	z ɪ p ɹ̩ d	z ɪ p ɹ̩ d	h ɑː l ɹ̩	h ɑː l ɹ̩ d	h ɑː l ɹ̩ d	z ɪ p ɹ̩ d	1	1	reg_d	reg_d	reg_d
model_stem	h ɑː p	h ɑː p t	h ɑː p t	t͡ʃ ɑː p	t͡ʃ ɑː p t	t͡ʃ ɑː p t	h ɑː p t	1	1	reg_t	reg_t	reg_t
model_stem	k æ r iː	k æ r iː d	k æ r iː d	m ɛ r iː	m ɛ r iː d	m ɛ r iː d	k æ r iː d	1	1	reg_d	reg_d	reg_d
model_stem	r ɪ t ɹ̩ n	r ɪ t ɹ̩ n d	r ɪ t ɹ̩ n d	a ɪ ɹ̩ n	a ɪ ɹ̩ n d	a ɪ ɹ̩ n d	r ɪ t ɹ̩ n d	1	1	reg_d	reg_d	reg_d
model_stem	f iː d	f ɛ d	f iː d ə d	s iː d	s iː d ə d	s iː d ə d	f iː d ə d	1	0	vowel_change	reg_əd	reg_əd
model_stem	ɡ ɑː b ə l	ɡ ɑː b ə l d	ɡ ɑː b ə l d	b ʌ b ə l	b ʌ b ə l d	b ʌ b ə l d	ɡ ɑː b ə l d	1	1	reg_d	reg_d	reg_d
model_stem	o ʊ p ə n	o ʊ p ə n d	o ʊ p ə n d	b ʌ t ə n	b ʌ t ə n d	b ʌ t ə n d	o ʊ p ə n d	1	1	reg_d	reg_d	reg_d
model_stem	h o ʊ l d	h ɛ l d	h o ʊ l d ə d	f o ʊ l d	f o ʊ l d ə d	f o ʊ l d ə d	h o ʊ l d ə d	1	0	vowel_change	reg_əd	reg_əd
model_stem	d ɪ l ɪ v ɹ̩	d ɪ l ɪ v ɹ̩ d	d ɪ l ɪ v ɹ̩ d	k ʌ v ɹ̩	k ʌ v ɹ̩ d	k ʌ v ɹ̩ d	d ɪ l ɪ v ɹ̩ d	1	1	reg_d	reg_d	reg_d
model_stem	r ʌ b	r ʌ b d	r æ b d	d ʌ b	d ʌ b d	d ʌ b d	r ʌ b d	0	1	reg_d	vowel_change_suffix	reg_d
model_stem	w ɑː t͡ʃ	w ɑː t͡ʃ t	w ɑː t͡ʃ t	t ʌ t͡ʃ	t ʌ t͡ʃ t	t ʌ t͡ʃ t	w ɑː t͡ʃ t	1	1	reg_t	reg_t	reg_t
model_stem	p l iː z	p l iː z d	p l iː z d	s a ɪ z	s a ɪ z d	s a ɪ z d	p l iː z d	1	1	reg_d	reg_d	reg_d
model_stem	w ɔ k	w ɔ k t	w ɔ k t	d ɑː k	d ɑː k t	d ɑː k t	w ɔ k t	1	1	reg_t	reg_t	reg_t
model_stem	p æ k	p æ k t	p æ k t	b æ k	b æ k t	b æ k t	p æ k t	1	1	reg_t	reg_t	reg_t
model_stem	s a ʊ n d	s a ʊ n d ə d	s a ʊ n d	s t æ n d	s t ʊ d	s t ʊ d	NA	0	0	reg_əd	no_change	rhyme_replaced
model_stem	ɡ r æ b	ɡ r æ b d	ɡ r æ b b	d r a ɪ	d r a ɪ d	d r a ɪ d	ɡ r æ b d	0	1	reg_d	other	reg_d
model_stem	m æ n	m æ n d	m æ n	r ʌ n	r æ n	r æ n	NA	0	0	reg_d	no_change	vowel_change
model_stem	f iː l	f ɛ l t	f iː l d	w iː l	w iː l d	w iː l d	f iː l d	1	0	vowel_change_suffix	reg_d	reg_d
model_stem	n e ɪ m	n e ɪ m d	n e ɪ m d	s w ɪ m	s w æ m	s w æ m	n e æ m	0	0	reg_d	reg_d	vowel_change
model_stem	f l o ʊ	f l o ʊ d	f l uː	b l o ʊ	b l uː	b l uː	f l uː	1	0	reg_d	vowel_change	vowel_change
model_stem	w ɛ ð ɹ̩	w ɛ ð ɹ̩ d	w ɛ ð ɹ̩ d	ɡ æ ð ɹ̩	ɡ æ ð ɹ̩ d	ɡ æ ð ɹ̩ d	w ɛ ð ɹ̩ d	1	1	reg_d	reg_d	reg_d
model_stem	l a ɪ	l e ɪ	l a ɪ d	b a ɪ	b ɔ t	b ɔ t	l ɔ t	0	0	vowel_change	reg_d	vowel_change_suffix
model_stem	k r æ ʃ	k r æ ʃ t	k r æ ʃ t	b r ʌ ʃ	b r ʌ ʃ t	b r ʌ ʃ t	k r æ ʃ t	1	1	reg_t	reg_t	reg_t
model_stem	p e ɪ d͡ʒ	p e ɪ d͡ʒ d	p e ɪ d͡ʒ d	t͡ʃ e ɪ n d͡ʒ	t͡ʃ e ɪ n d͡ʒ d	t͡ʃ e ɪ n d͡ʒ d	p e ɪ d͡ʒ d	1	1	reg_d	reg_d	reg_d
model_stem	t͡ʃ o ʊ k	t͡ʃ o ʊ k t	t͡ʃ o ʊ k t	p o ʊ k	p o ʊ k t	p o ʊ k t	t͡ʃ o ʊ k t	1	1	reg_t	reg_t	reg_t
model_stem	b l ɛ s	b l ɛ s t	b l ɛ s t	k l æ s	k l æ s t	k l æ s t	b l ɛ s t	1	1	reg_t	reg_t	reg_t
model_stem	d ɪ ŋ	d ɪ ŋ d	d ʌ ŋ	s ɪ ŋ	s æ ŋ	s æ ŋ	d æ ŋ	0	0	reg_d	vowel_change	vowel_change
model_stem	s ɛ l	s o ʊ l d	s ɛ l d	j ɛ l	j ɛ l d	j ɛ l d	s ɛ l d	1	0	vowel_change_suffix	reg_d	reg_d
model_stem	b ɪ ɡ ɪ n	b ɪ ɡ æ n	b ɪ ɡ ɪ n d	r uː ə n	r uː ə n d	r uː ə n d	b ɪ ɡ ɪ n d	1	0	vowel_change	reg_d	reg_d
model_stem	d͡ʒ ɔ ɪ n	d͡ʒ ɔ ɪ n d	d͡ʒ ɔ ɪ n d	d a ɪ n	d a ɪ n d	d a ɪ n d	d͡ʒ ɔ ɪ n d	1	1	reg_d	reg_d	reg_d
model_stem	l ɑː k	l ɑː k t	l ɑː k t	d ɑː k	d ɑː k t	d ɑː k t	l ɑː k t	1	1	reg_t	reg_t	reg_t
model_stem	b ɪ l iː v	b ɪ l iː v d	b ɪ l iː b v d	d ɪ z ɹ̩ v	d ɪ z ɹ̩ v d	d ɪ z ɹ̩ v d	b ɪ l iː v d	0	1	reg_d	coda_change	reg_d
model_stem	ə n d ɹ̩ s t æ n d	ə n d ɹ̩ s t ʊ d	ə s t ə d ə d	k ɑː s t	k ɑː s t	k ɑː s t	ə n d ɹ̩ s t æ n d	0	0	rhyme_replaced	other	no_change
model_stem	t r e ɪ n	t r e ɪ n d	t r e ɪ n d	b ʌ t ə n	b ʌ t ə n d	b ʌ t ə n d	t r e ɪ n d	1	1	reg_d	reg_d	reg_d
model_stem	k r ɔ l	k r ɔ l d	k r ɔ l d	b ɔ ɪ l	b ɔ ɪ l d	b ɔ ɪ l d	k r ɔ l d	1	1	reg_d	reg_d	reg_d
model_stem	p æ t	p æ t ə d	p æ t	s ɪ t	s æ t	s æ t	NA	0	0	reg_əd	no_change	vowel_change
model_stem	ɔ r d ɹ̩	ɔ r d ɹ̩ d	ɔ r d ɹ̩ d	w ɔ t ɹ̩	w ɔ t ɹ̩ d	w ɔ t ɹ̩ d	ɔ r d ɹ̩ d	1	1	reg_d	reg_d	reg_d
model_stem	f l a ɪ	f l uː	f l a ɪ d	p l e ɪ	p l e ɪ d	p l e ɪ d	f l a ɪ d	1	0	vowel_change	reg_d	reg_d
model_stem	l o ʊ d	l o ʊ d ə d	l o ʊ d	s a ɪ d	s a ɪ d ə d	s a ɪ d ə d	l o ʊ d ə d	0	1	reg_əd	no_change	reg_əd
model_stem	k ə m p l e ɪ n	k ə m p l e ɪ n d	k ə n t ə n d	ɪ k s p l e ɪ n	ɪ k s p l e ɪ n d	ɪ k s p l e ɪ n d	k ə m p l e ɪ n d	0	1	reg_d	other	reg_d
model_stem	b l ɛ n d	b l ɛ n d ə d	b l ɛ n d ə d	s t æ n d	s t ʊ d	s t ʊ d	NA	0	0	reg_əd	reg_əd	rhyme_replaced
model_stem	b l ɑː k	b l ɑː k t	b l ɑː k t	k l ɑː k	k l ɑː k t	k l ɑː k t	b l ɑː k t	1	1	reg_t	reg_t	reg_t
model_stem	t ɪ p	t ɪ p t	t ɪ p t	z ɪ p	z ɪ p t	z ɪ p t	t ɪ p t	1	1	reg_t	reg_t	reg_t
model_stem	d͡ʒ ɛ t	d͡ʒ ɛ t ə d	d͡ʒ ɛ t	b ɛ t	b ɛ t	b ɛ t	d͡ʒ ɛ t	1	0	reg_əd	no_change	no_change
model_stem	b r iː ð	b r iː ð d	b r iː ð d	s m uː ð	s m uː ð d	s m uː ð d	b r iː ð d	1	1	reg_d	reg_d	reg_d
model_stem	d a ɪ ə l	d a ɪ ə l d	d a ɪ d ə l d	b ʌ b ə l	b ʌ b ə l d	b ʌ b ə l d	d a ɪ ə l d	0	1	reg_d	other	reg_d
model_stem	m ɛ n ʃ ə n	m ɛ n ʃ ə n d	m ʃ t ə n t ə d	ɪ m æ d͡ʒ ə n	ɪ m æ d͡ʒ ə n d	ɪ m æ d͡ʒ ə n d	m ɛ n ʃ ə n d	0	1	reg_d	other	reg_d
model_stem	h ʌ ɡ	h ʌ ɡ d	h ʌ ɡ d	t͡ʃ ʌ ɡ	t͡ʃ ʌ ɡ d	t͡ʃ ʌ ɡ d	h ʌ ɡ d	1	1	reg_d	reg_d	reg_d
model_stem	p a ʊ ɹ̩	p a ʊ ɹ̩ d	p a ʊ ɹ̩ d	t a ɪ ɹ̩	t a ɪ ɹ̩ d	t a ɪ ɹ̩ d	p a ʊ ɹ̩ d	1	1	reg_d	reg_d	reg_d
model_stem	s ɑː k	s ɑː k t	s ɑː k t	d ɑː k	d ɑː k t	d ɑː k t	s ɑː k t	1	1	reg_t	reg_t	reg_t
model_stem	w uː p	w uː p t	w uː p t	p uː p	p uː p t	p uː p t	w uː p t	1	1	reg_t	reg_t	reg_t
model_stem	r iː m a ɪ n d	r iː m a ɪ n d ə d	r iː m a ɪ n d ə d	r iː b a ʊ n d	r iː b a ʊ n d ə d	r iː b a ʊ n d ə d	r iː m a ɪ n d ə d	1	1	reg_əd	reg_əd	reg_əd
model_stem	h æ n d ə l	h æ n d ə l d	h n d ə n t ə l d	d r ɪ b ə l	d r ɪ b ə l d	d r ɪ b ə l d	h æ n d ə l d	0	1	reg_d	other	reg_d
model_stem	s n iː z	s n iː z d	s n d	s a ɪ z	s a ɪ z d	s a ɪ z d	s n iː z d	0	1	reg_d	other	reg_d
model_stem	v ɪ z ɪ t	v ɪ z ɪ t ə d	v ɪ z ɪ t ə d	ə d m ɪ t	ə d m ɪ t ə d	ə d m ɪ t ə d	v ɪ z ɪ t ə d	1	1	reg_əd	reg_əd	reg_əd
model_stem	s l a ɪ d	s l ɪ d	s l a ɪ d	s p ɛ n d	s p ɛ n t	s p ɛ n t	s l a ɪ t	0	0	vowel_change	no_change	coda_change
model_stem	p l æ n	p l æ n d	p l æ n d	l o ʊ n	l o ʊ n d	l o ʊ n d	p l æ n d	1	1	reg_d	reg_d	reg_d
model_stem	ɛ l b o ʊ	ɛ l b o ʊ d	ɛ l o ʊ d	f ɑː l o ʊ	f ɑː l o ʊ d	f ɑː l o ʊ d	ɛ l b o ʊ d	0	1	reg_d	other	reg_d
model_stem	b ɑː k s	b ɑː k s t	b ɑː k s t	m ɪ k s	m ɪ k s t	m ɪ k s t	b ɑː k s t	1	1	reg_t	reg_t	reg_t
model_stem	ɪ n k l uː d	ɪ n k l uː d ə d	ɪ n d ɪ n d ə d	r ə k ɔ r d	r ə k ɔ r d ə d	r ə k ɔ r d ə d	ɪ n k l uː d ə d	0	1	reg_əd	other	reg_əd
model_stem	b ɹ̩ n	b ɹ̩ n d	b ɹ̩ n d	t ɹ̩ n	t ɹ̩ n d	t ɹ̩ n d	b ɹ̩ n d	1	1	reg_d	reg_d	reg_d
model_stem	ʃ e ɪ p	ʃ e ɪ p t	ʃ e ɪ p t	t e ɪ p	t e ɪ p t	t e ɪ p t	ʃ e ɪ p t	1	1	reg_t	reg_t	reg_t
model_stem	b o ʊ n	b o ʊ n d	b o ʊ n d	f o ʊ n	f o ʊ n d	f o ʊ n d	b o ʊ n d	1	1	reg_d	reg_d	reg_d
model_stem	f ɪ l	f ɪ l d	f ɪ l d	w ɪ l	w ɪ l d	w ɪ l d	f ɪ l d	1	1	reg_d	reg_d	reg_d
model_stem	m æ s k	m æ s k t	m æ s k t	b æ s k	b æ s k t	b æ s k t	m æ s k t	1	1	reg_t	reg_t	reg_t
model_stem	s ɛ l ə b r e ɪ t	s ɛ l ə b r e ɪ t ə d	s t r ə d ə d ə d	ə s o ʊ s iː e ɪ t	ə s o ʊ s iː e ɪ t ə d	ə s o ʊ s iː e ɪ t ə d	s ɛ l ə b r e ɪ t ə d	0	1	reg_əd	other	reg_əd
model_stem	k r ʌ m b ə l	k r ʌ m b ə l d	k t r ɛ l ə l d	r æ t ə l	r æ t ə l d	r æ t ə l d	k r ʌ m b ə l d	0	1	reg_d	other	reg_d
model_stem	r ɑː k	r ɑː k t	r ɑː k t	d ɑː k	d ɑː k t	d ɑː k t	r ɑː k t	1	1	reg_t	reg_t	reg_t
model_stem	ɡ ɛ r ə n t iː	ɡ ɛ r ə n t iː d	ɡ ə n t ə n t ə d	r ɪ m ɛ m b ɹ̩	r ɪ m ɛ m b ɹ̩ d	r ɪ m ɛ m b ɹ̩ d	ɡ ɛ r ə n t iː d	0	1	reg_d	other	reg_d
model_stem	k ə n ɛ k t	k ə n ɛ k t ə d	k ə n t ə d	ɪ k s ɛ p t	ɪ k s ɛ p t ə d	ɪ k s ɛ p t ə d	k ə n ɛ k t ə d	0	1	reg_əd	other	reg_əd
model_stem	t ɔ s	t ɔ s t	t ɔ s t	b ʌ s	b ʌ s t	b ʌ s t	t ɔ s t	1	1	reg_t	reg_t	reg_t
model_stem	iː v ɪ n	iː v ɪ n d	iː v d	r uː ə n	r uː ə n d	r uː ə n d	iː v ɪ n d	0	1	reg_d	other	reg_d
model_stem	b a ʊ n s	b a ʊ n s t	b a ʊ n s t	p a ʊ n s	p a ʊ n s t	p a ʊ n s t	b a ʊ n s t	1	1	reg_t	reg_t	reg_t
model_stem	ɹ̩ n	ɹ̩ n d	ɹ̩ d ɹ̩ n d ɹ̩ d ɹ̩ d	a ɪ ɹ̩ n	a ɪ ɹ̩ n d	a ɪ ɹ̩ n d	ɹ̩ n d	0	1	reg_d	other	reg_d
model_stem	k l a ʊ d	k l a ʊ d ə d	k l a ʊ d	f a ɪ n d	f a ɪ n d ə d	f a ʊ n d	k l a ʊ d ə d	0	1	reg_əd	no_change	reg_əd
model_stem	k ʌ p ə l	k ʌ p ə l d	k ʌ p ə l d	b ʌ b ə l	b ʌ b ə l d	b ʌ b ə l d	k ʌ p ə l d	1	1	reg_d	reg_d	reg_d
model_stem	f l ʌ ʃ	f l ʌ ʃ t	f l ʌ ʃ t	b r ʌ ʃ	b r ʌ ʃ t	b r ʌ ʃ t	f l ʌ ʃ t	1	1	reg_t	reg_t	reg_t
model_stem	h ɑː r n ə s	h ɑː r n ə s t	h r æ n t ə s t ə d	p a ʊ n s	p a ʊ n s t	p a ʊ n s t	h ɑː r n ə s t	0	1	reg_t	other	reg_t
model_stem	b r a ʊ n	b r a ʊ n d	b r a ʊ n d	f o ʊ n	f o ʊ n d	f o ʊ n d	b r a ʊ n d	1	1	reg_d	reg_d	reg_d
model_stem	s t ɪ ŋ k	s t ʌ ŋ k	s t ʊ k t ə d	t e ɪ k	t ʊ k	t ʊ k	NA	0	0	vowel_change	other	vowel_change
model_stem	r iː f r ɛ ʃ	r iː f r ɛ ʃ t	r iː r ɛ ɛ f ɔ t ə d	ɪ k s ɛ p t	ɪ k s ɛ p t ə d	ɪ k s ɛ p t ə d	r iː f r ɛ ʃ ə d	0	0	reg_t	other	reg_əd
model_stem	p r ə f ɹ̩	p r ə f ɹ̩ d	p r ə r ə d	n ʌ m b ɹ̩	n ʌ m b ɹ̩ d	n ʌ m b ɹ̩ d	p r ə f ɹ̩ d	0	1	reg_d	other	reg_d
model_stem	s t iː l	s t o ʊ l	s t iː l d	s t ɪ l	s t ɪ l d	s t ɪ l d	s t iː l d	1	0	vowel_change	reg_d	reg_d
model_stem	b æ n d	b æ n d ə d	b æ n t	h æ n d	h æ n d ə d	h æ n d ə d	b æ n d ə d	0	1	reg_əd	coda_change	reg_əd
model_stem	r ɪ d	r ɪ d	r ɪ d	k ɪ d	k ɪ d ə d	k ɪ d ə d	r ɪ d ə d	0	0	no_change	no_change	reg_əd
model_stem	k o ʊ ɑː p ɹ̩ e ɪ t	k o ʊ ɑː p ɹ̩ e ɪ t ə d	k t	ə s o ʊ s iː e ɪ t	ə s o ʊ s iː e ɪ t ə d	ə s o ʊ s iː e ɪ t ə d	k o ʊ ɑː p ɹ̩ e ɪ t ə d	0	1	reg_əd	other	reg_əd
model_stem	b ɑː ð ɹ̩	b ɑː ð ɹ̩ d	b ɑː ð ɹ̩ d	w ɔ t ɹ̩	w ɔ t ɹ̩ d	w ɔ t ɹ̩ d	b ɑː ð ɹ̩ d	1	1	reg_d	reg_d	reg_d
model_stem	r ɛ s t	r ɛ s t ə d	r ɛ s t	m ɛ l t	m ɛ l t ə d	m ɛ l t ə d	r ɛ s t ə d	0	1	reg_əd	no_change	reg_əd
model_stem	ɑː k j ə p a ɪ	ɑː k j ə p a ɪ d	ɑː j p t	s p r e ɪ	s p r e ɪ d	s p r e ɪ d	ɑː k j ə p a ɪ d	0	1	reg_d	other	reg_d
model_decision	ɡ ɛ t	ɡ ɑː t	ɡ ɛ t	b ɛ t	b ɛ t	b ɛ t	ɡ ɛ t	1	0	vowel_change	no_change	no_change
model_decision	p ʊ t	p ʊ t	p ʊ t	b uː t	b uː t ə d	b uː t ə d	p ʊ t ə d	0	0	no_change	no_change	reg_əd
model_decision	ɡ o ʊ	w ɛ n t	ɡ uː	n o ʊ	n uː	n uː	ɡ uː	1	0	other	vowel_change	vowel_change
model_decision	iː t	e ɪ t	iː d iː d	p iː	p iː d	p iː d	iː t d	0	0	vowel_change	other	reg_d
model_decision	w ɔ n t	w ɔ n t ə d	w ɔ n t ə d	p æ n t	p æ n t ə d	p æ n t ə d	w ɔ n t ə d	1	1	reg_əd	reg_əd	reg_əd
model_decision	n ɑː k	n ɑː k t	n ɑː k t	b æ k	b æ k t	b æ k t	n ɑː k t	1	1	reg_t	reg_t	reg_t
model_decision	l ɪ s ə n	l ɪ s ə n d	l ɪ s ə n d	h æ p ə n	h æ p ə n d	h æ p ə n d	l ɪ s ə n d	1	1	reg_d	reg_d	reg_d
model_decision	p ʌ f	p ʌ f t	p ʌ f t	l æ f	l æ f t	l æ f t	p ʌ f t	1	1	reg_t	reg_t	reg_t
model_decision	h o ʊ p	h o ʊ p t	h o ʊ p t	p l ɑː p	p l ɑː p t	p l ɑː p t	h o ʊ p t	1	1	reg_t	reg_t	reg_t
model_decision	n iː d	n iː d ə d	n ɛ d ə d	m iː t	m ɛ t	m ɛ t	NA	0	0	reg_əd	other	vowel_change
model_decision	k æ t͡ʃ	k ɔ t	k æ t͡ʃ t	t ʌ t͡ʃ	t ʌ t͡ʃ t	t ʌ t͡ʃ t	k æ t͡ʃ t	1	0	rhyme_replaced	reg_t	reg_t
model_decision	z ɪ p ɹ̩	z ɪ p ɹ̩ d	z ɪ p ɹ̩ d	h ɑː l ɹ̩	h ɑː l ɹ̩ d	h ɑː l ɹ̩ d	z ɪ p ɹ̩ d	1	1	reg_d	reg_d	reg_d
model_decision	h ɑː p	h ɑː p t	h ɑː p t	t͡ʃ ɑː p	t͡ʃ ɑː p t	t͡ʃ ɑː p t	h ɑː p t	1	1	reg_t	reg_t	reg_t
model_decision	k æ r iː	k æ r iː d	k æ r iː d	m ɛ r iː	m ɛ r iː d	m ɛ r iː d	k æ r iː d	1	1	reg_d	reg_d	reg_d
model_decision	r ɪ t ɹ̩ n	r ɪ t ɹ̩ n d	r ɪ t ɹ̩ n d	a ɪ ɹ̩ n	a ɪ ɹ̩ n d	a ɪ ɹ̩ n d	r ɪ t ɹ̩ n d	1	1	reg_d	reg_d	reg_d
model_decision	f iː d	f ɛ d	f iː d ə d	s iː d	s iː d ə d	s iː d ə d	f iː d ə d	1	0	vowel_change	reg_əd	reg_əd
model_decision	ɡ ɑː b ə l	ɡ ɑː b ə l d	ɡ ɑː b ə l d	b ʌ b ə l	b ʌ b ə l d	b ʌ b ə l d	ɡ ɑː b ə l d	1	1	reg_d	reg_d	reg_d
model_decision	o ʊ p ə n	o ʊ p ə n d	o ʊ p ə n d	b ʌ t ə n	b ʌ t ə n d	b ʌ t ə n d	o ʊ p ə n d	1	1	reg_d	reg_d	reg_d
model_decision	h o ʊ l d	h ɛ l d	h o ʊ l d ə d	f o ʊ l d	f o ʊ l d ə d	f o ʊ l d ə d	h o ʊ l d ə d	1	0	vowel_change	reg_əd	reg_əd
model_decision	d ɪ l ɪ v ɹ̩	d ɪ l ɪ v ɹ̩ d	d ɪ l ɪ v ɹ̩ d	k ʌ v ɹ̩	k ʌ v ɹ̩ d	k ʌ v ɹ̩ d	d ɪ l ɪ v ɹ̩ d	1	1	reg_d	reg_d	reg_d
model_decision	r ʌ b	r ʌ b d	r æ b d	r ʌ n	r æ n	r æ n	NA	0	0	reg_d	vowel_change_suffix	vowel_change
model_decision	w ɑː t͡ʃ	w ɑː t͡ʃ t	w ɑː t͡ʃ t	t ʌ t͡ʃ	t ʌ t͡ʃ t	t ʌ t͡ʃ t	w ɑː t͡ʃ t	1	1	reg_t	reg_t	reg_t
model_decision	p l iː z	p l iː z d	p l iː z d	s a ɪ z	s a ɪ z d	s a ɪ z d	p l iː z d	1	1	reg_d	reg_d	reg_d
model_decision	w ɔ k	w ɔ k t	w ɔ k t	d ɑː k	d ɑː k t	d ɑː k t	w ɔ k t	1	1	reg_t	reg_t	reg_t
model_decision	p æ k	p æ k t	p æ k t	b æ k	b æ k t	b æ k t	p æ k t	1	1	reg_t	reg_t	reg_t
model_decision	s a ʊ n d	s a ʊ n d ə d	s a ʊ n d	f a ɪ n d	f a ɪ n d ə d	f a ʊ n d	s a ʊ n d ə d	0	1	reg_əd	no_change	reg_əd
model_decision	ɡ r æ b	ɡ r æ b d	ɡ r æ b b	d r a ɪ	d r a ɪ d	d r a ɪ d	ɡ r æ b d	0	1	reg_d	other	reg_d
model_decision	m æ n	m æ n d	m æ n	j ɔ n	j ɔ n d	j ɔ n d	m æ n d	0	1	reg_d	no_change	reg_d
model_decision	f iː l	f ɛ l t	f iː l d	w iː l	w iː l d	w iː l d	f iː l d	1	0	vowel_change_suffix	reg_d	reg_d
model_decision	n e ɪ m	n e ɪ m d	n e ɪ m d	t a ɪ m	t a ɪ m d	t a ɪ m d	n e ɪ m d	1	1	reg_d	reg_d	reg_d
model_decision	f l o ʊ	f l o ʊ d	f l uː	b l o ʊ	b l uː	b l uː	f l uː	1	0	reg_d	vowel_change	vowel_change
model_decision	w ɛ ð ɹ̩	w ɛ ð ɹ̩ d	w ɛ ð ɹ̩ d	ɡ æ ð ɹ̩	ɡ æ ð ɹ̩ d	ɡ æ ð ɹ̩ d	w ɛ ð ɹ̩ d	1	1	reg_d	reg_d	reg_d
model_decision	l a ɪ	l e ɪ	l a ɪ d	l e ɪ	l e ɪ d	l e ɪ d	l a ɪ d	1	0	vowel_change	reg_d	reg_d
model_decision	k r æ ʃ	k r æ ʃ t	k r æ ʃ t	b r ʌ ʃ	b r ʌ ʃ t	b r ʌ ʃ t	k r æ ʃ t	1	1	reg_t	reg_t	reg_t
model_decision	p e ɪ d͡ʒ	p e ɪ d͡ʒ d	p e ɪ d͡ʒ d	t͡ʃ e ɪ n d͡ʒ	t͡ʃ e ɪ n d͡ʒ d	t͡ʃ e ɪ n d͡ʒ d	p e ɪ d͡ʒ d	1	1	reg_d	reg_d	reg_d
model_decision	t͡ʃ o ʊ k	t͡ʃ o ʊ k t	t͡ʃ o ʊ k t	p o ʊ k	p o ʊ k t	p o ʊ k t	t͡ʃ o ʊ k t	1	1	reg_t	reg_t	reg_t
model_decision	b l ɛ s	b l ɛ s t	b l ɛ s t	k l æ s	k l æ s t	k l æ s t	b l ɛ s t	1	1	reg_t	reg_t	reg_t
model_decision	d ɪ ŋ	d ɪ ŋ d	d ʌ ŋ	d ɪ ɡ	d ʌ ɡ	d ʌ ɡ	NA	0	0	reg_d	vowel_change	vowel_change
model_decision	s ɛ l	s o ʊ l d	s ɛ l d	j ɛ l	j ɛ l d	j ɛ l d	s ɛ l d	1	0	vowel_change_suffix	reg_d	reg_d
model_decision	b ɪ ɡ ɪ n	b ɪ ɡ æ n	b ɪ ɡ ɪ n d	r uː ə n	r uː ə n d	r uː ə n d	b ɪ ɡ ɪ n d	1	0	vowel_change	reg_d	reg_d
model_decision	d͡ʒ ɔ ɪ n	d͡ʒ ɔ ɪ n d	d͡ʒ ɔ ɪ n d	d a ɪ n	d a ɪ n d	d a ɪ n d	d͡ʒ ɔ ɪ n d	1	1	reg_d	reg_d	reg_d
model_decision	l ɑː k	l ɑː k t	l ɑː k t	d ɑː k	d ɑː k t	d ɑː k t	l ɑː k t	1	1	reg_t	reg_t	reg_t
model_decision	b ɪ l iː v	b ɪ l iː v d	b ɪ l iː b v d	h æ v	h æ d	h æ d	b ɪ l iː d	0	0	reg_d	coda_change	coda_change
model_decision	ə n d ɹ̩ s t æ n d	ə n d ɹ̩ s t ʊ d	ə s t ə d ə d	f ɪ k s	f ɪ k s t	f ɪ k s t	ə n d ɹ̩ s t æ n d t	0	0	rhyme_replaced	other	reg_t
model_decision	t r e ɪ n	t r e ɪ n d	t r e ɪ n d	b ʌ t ə n	b ʌ t ə n d	b ʌ t ə n d	t r e ɪ n d	1	1	reg_d	reg_d	reg_d
model_decision	k r ɔ l	k r ɔ l d	k r ɔ l d	b ɔ ɪ l	b ɔ ɪ l d	b ɔ ɪ l d	k r ɔ l d	1	1	reg_d	reg_d	reg_d
model_decision	p æ t	p æ t ə d	p æ t	n ɪ t	n ɪ t ə d	n ɪ t ə d	p æ t ə d	0	1	reg_əd	no_change	reg_əd
model_decision	ɔ r d ɹ̩	ɔ r d ɹ̩ d	ɔ r d ɹ̩ d	w ɔ t ɹ̩	w ɔ t ɹ̩ d	w ɔ t ɹ̩ d	ɔ r d ɹ̩ d	1	1	reg_d	reg_d	reg_d
model_decision	f l a ɪ	f l uː	f l a ɪ d	p l e ɪ	p l e ɪ d	p l e ɪ d	f l a ɪ d	1	0	vowel_change	reg_d	reg_d
model_decision	l o ʊ d	l o ʊ d ə d	l o ʊ d	s a ɪ d	s a ɪ d ə d	s a ɪ d ə d	l o ʊ d ə d	0	1	reg_əd	no_change	reg_əd
model_decision	k ə m p l e ɪ n	k ə m p l e ɪ n d	k ə n t ə n d	æ n s ɹ̩	æ n s ɹ̩ d	æ n s ɹ̩ d	k ə m p l e ɪ n d	0	1	reg_d	other	reg_d
model_decision	b l ɛ n d	b l ɛ n d ə d	b l ɛ n d ə d	f a ɪ n d	f a ɪ n d ə d	f a ʊ n d	b l ɛ n d ə d	1	1	reg_əd	reg_əd	reg_əd
model_decision	b l ɑː k	b l ɑː k t	b l ɑː k t	k l ɑː k	k l ɑː k t	k l ɑː k t	b l ɑː k t	1	1	reg_t	reg_t	reg_t
model_decision	t ɪ p	t ɪ p t	t ɪ p t	z ɪ p	z ɪ p t	z ɪ p t	t ɪ p t	1	1	reg_t	reg_t	reg_t
model_decision	d͡ʒ ɛ t	d͡ʒ ɛ t ə d	d͡ʒ ɛ t	b ɛ t	b ɛ t	b ɛ t	d͡ʒ ɛ t	1	0	reg_əd	no_change	no_change
model_decision	b r iː ð	b r iː ð d	b r iː ð d	s m uː ð	s m uː ð d	s m uː ð d	b r iː ð d	1	1	reg_d	reg_d	reg_d
model_decision	d a ɪ ə l	d a ɪ ə l d	d a ɪ d ə l d	p l e ɪ	p l e ɪ d	p l e ɪ d	d a ɪ ə l d	0	1	reg_d	other	reg_d
model_decision	m ɛ n ʃ ə n	m ɛ n ʃ ə n d	m ʃ t ə n t ə d	d r ɔ	d r uː	d r uː	NA	0	0	reg_d	other	vowel_change
model_decision	h ʌ ɡ	h ʌ ɡ d	h ʌ ɡ d	t͡ʃ ʌ ɡ	t͡ʃ ʌ ɡ d	t͡ʃ ʌ ɡ d	h ʌ ɡ d	1	1	reg_d	reg_d	reg_d
model_decision	p a ʊ ɹ̩	p a ʊ ɹ̩ d	p a ʊ ɹ̩ d	t a ɪ ɹ̩	t a ɪ ɹ̩ d	t a ɪ ɹ̩ d	p a ʊ ɹ̩ d	1	1	reg_d	reg_d	reg_d
model_decision	s ɑː k	s ɑː k t	s ɑː k t	d ɑː k	d ɑː k t	d ɑː k t	s ɑː k t	1	1	reg_t	reg_t	reg_t
model_decision	w uː p	w uː p t	w uː p t	p uː p	p uː p t	p uː p t	w uː p t	1	1	reg_t	reg_t	reg_t
model_decision	r iː m a ɪ n d	r iː m a ɪ n d ə d	r iː m a ɪ n d ə d	r iː b a ʊ n d	r iː b a ʊ n d ə d	r iː b a ʊ n d ə d	r iː m a ɪ n d ə d	1	1	reg_əd	reg_əd	reg_əd
model_decision	h æ n d ə l	h æ n d ə l d	h n d ə n t ə l d	h æ ŋ	h ʌ ŋ	h ʌ ŋ	NA	0	0	reg_d	other	vowel_change
model_decision	s n iː z	s n iː z d	s n d	w ɹ̩ iː	w ɹ̩ iː d	w ɹ̩ iː d	s n iː z d	0	1	reg_d	other	reg_d
model_decision	v ɪ z ɪ t	v ɪ z ɪ t ə d	v ɪ z ɪ t ə d	ə d m ɪ t	ə d m ɪ t ə d	ə d m ɪ t ə d	v ɪ z ɪ t ə d	1	1	reg_əd	reg_əd	reg_əd
model_decision	s l a ɪ d	s l ɪ d	s l a ɪ d	f a ɪ n d	f a ɪ n d ə d	f a ʊ n d	s l a ɪ d ə d	0	0	vowel_change	no_change	reg_əd
model_decision	p l æ n	p l æ n d	p l æ n d	l o ʊ n	l o ʊ n d	l o ʊ n d	p l æ n d	1	1	reg_d	reg_d	reg_d
model_decision	ɛ l b o ʊ	ɛ l b o ʊ d	ɛ l o ʊ d	r a ɪ z	r o ʊ z	r o ʊ z	NA	0	0	reg_d	other	vowel_change
model_decision	b ɑː k s	b ɑː k s t	b ɑː k s t	m ɪ k s	m ɪ k s t	m ɪ k s t	b ɑː k s t	1	1	reg_t	reg_t	reg_t
model_decision	ɪ n k l uː d	ɪ n k l uː d ə d	ɪ n d ɪ n d ə d	ɪ m æ d͡ʒ ə n	ɪ m æ d͡ʒ ə n d	ɪ m æ d͡ʒ ə n d	ɪ n k l uː d d	0	0	reg_əd	other	reg_d
model_decision	b ɹ̩ n	b ɹ̩ n d	b ɹ̩ n d	t ɹ̩ n	t ɹ̩ n d	t ɹ̩ n d	b ɹ̩ n d	1	1	reg_d	reg_d	reg_d
model_decision	ʃ e ɪ p	ʃ e ɪ p t	ʃ e ɪ p t	t e ɪ p	t e ɪ p t	t e ɪ p t	ʃ e ɪ p t	1	1	reg_t	reg_t	reg_t
model_decision	b o ʊ n	b o ʊ n d	b o ʊ n d	f o ʊ n	f o ʊ n d	f o ʊ n d	b o ʊ n d	1	1	reg_d	reg_d	reg_d
model_decision	f ɪ l	f ɪ l d	f ɪ l d	w ɪ l	w ɪ l d	w ɪ l d	f ɪ l d	1	1	reg_d	reg_d	reg_d
model_decision	m æ s k	m æ s k t	m æ s k t	b æ s k	b æ s k t	b æ s k t	m æ s k t	1	1	reg_t	reg_t	reg_t
model_decision	s ɛ l ə b r e ɪ t	s ɛ l ə b r e ɪ t ə d	s t r ə d ə d ə d	ɪ r e ɪ s	ɪ r e ɪ s t	ɪ r e ɪ s t	s ɛ l ə b r e ɪ t t	0	0	reg_əd	other	reg_t
model_decision	k r ʌ m b ə l	k r ʌ m b ə l d	k t r ɛ l ə l d	t e ɪ p	t e ɪ p t	t e ɪ p t	k r ʌ m b ə l t	0	0	reg_d	other	reg_t
model_decision	r ɑː k	r ɑː k t	r ɑː k t	d ɑː k	d ɑː k t	d ɑː k t	r ɑː k t	1	1	reg_t	reg_t	reg_t
model_decision	ɡ ɛ r ə n t iː	ɡ ɛ r ə n t iː d	ɡ ə n t ə n t ə d	t r e ɪ d	t r e ɪ d ə d	t r e ɪ d ə d	ɡ ɛ r ə n t iː ə d	0	0	reg_d	other	reg_əd
model_decision	k ə n ɛ k t	k ə n ɛ k t ə d	k ə n t ə d	s t r ɛ t͡ʃ	s t r ɛ t͡ʃ t	s t r ɛ t͡ʃ t	k ə n ɛ k t t	0	0	reg_əd	other	reg_t
model_decision	t ɔ s	t ɔ s t	t ɔ s t	b ʌ s	b ʌ s t	b ʌ s t	t ɔ s t	1	1	reg_t	reg_t	reg_t
model_decision	iː v ɪ n	iː v ɪ n d	iː v d	l ʌ v	l ʌ v d	l ʌ v d	iː v ɪ n d	0	1	reg_d	other	reg_d
model_decision	b a ʊ n s	b a ʊ n s t	b a ʊ n s t	p a ʊ n s	p a ʊ n s t	p a ʊ n s t	b a ʊ n s t	1	1	reg_t	reg_t	reg_t
model_decision	ɹ̩ n	ɹ̩ n d	ɹ̩ d ɹ̩ n d ɹ̩ d ɹ̩ d	æ n s ɹ̩	æ n s ɹ̩ d	æ n s ɹ̩ d	ɹ̩ n d	0	1	reg_d	other	reg_d
model_decision	k l a ʊ d	k l a ʊ d ə d	k l a ʊ d	f a ɪ n d	f a ɪ n d ə d	f a ʊ n d	k l a ʊ d ə d	0	1	reg_əd	no_change	reg_əd
model_decision	k ʌ p ə l	k ʌ p ə l d	k ʌ p ə l d	b ʌ b ə l	b ʌ b ə l d	b ʌ b ə l d	k ʌ p ə l d	1	1	reg_d	reg_d	reg_d
model_decision	f l ʌ ʃ	f l ʌ ʃ t	f l ʌ ʃ t	b r ʌ ʃ	b r ʌ ʃ t	b r ʌ ʃ t	f l ʌ ʃ t	1	1	reg_t	reg_t	reg_t
model_decision	h ɑː r n ə s	h ɑː r n ə s t	h r æ n t ə s t ə d	h iː r	h ɹ̩ d	h ɹ̩ d	NA	0	0	reg_t	other	rhyme_replaced
model_decision	b r a ʊ n	b r a ʊ n d	b r a ʊ n d	f o ʊ n	f o ʊ n d	f o ʊ n d	b r a ʊ n d	1	1	reg_d	reg_d	reg_d
model_decision	s t ɪ ŋ k	s t ʌ ŋ k	s t ʊ k t ə d	s t æ n d	s t ʊ d	s t ʊ d	NA	0	0	vowel_change	other	rhyme_replaced
model_decision	r iː f r ɛ ʃ	r iː f r ɛ ʃ t	r iː r ɛ ɛ f ɔ t ə d	m ɛ r iː	m ɛ r iː d	m ɛ r iː d	r iː f r ɛ ʃ d	0	0	reg_t	other	reg_d
model_decision	p r ə f ɹ̩	p r ə f ɹ̩ d	p r ə r ə d	m ɛ r iː	m ɛ r iː d	m ɛ r iː d	p r ə f ɹ̩ d	0	1	reg_d	other	reg_d
model_decision	s t iː l	s t o ʊ l	s t iː l d	s t ɪ l	s t ɪ l d	s t ɪ l d	s t iː l d	1	0	vowel_change	reg_d	reg_d
model_decision	b æ n d	b æ n d ə d	b æ n t	l ɛ n d	l ɛ n t	l ɛ n t	b æ n t	1	0	reg_əd	coda_change	coda_change
model_decision	r ɪ d	r ɪ d	r ɪ d	k ɪ d	k ɪ d ə d	k ɪ d ə d	r ɪ d ə d	0	0	no_change	no_change	reg_əd
model_decision	k o ʊ ɑː p ɹ̩ e ɪ t	k o ʊ ɑː p ɹ̩ e ɪ t ə d	k t	m ɪ m ɪ k	m ɪ m ɪ k t	m ɪ m ɪ k t	k o ʊ ɑː p ɹ̩ e ɪ t t	0	0	reg_əd	other	reg_t
model_decision	b ɑː ð ɹ̩	b ɑː ð ɹ̩ d	b ɑː ð ɹ̩ d	w ɔ t ɹ̩	w ɔ t ɹ̩ d	w ɔ t ɹ̩ d	b ɑː ð ɹ̩ d	1	1	reg_d	reg_d	reg_d
model_decision	r ɛ s t	r ɛ s t ə d	r ɛ s t	m ɛ l t	m ɛ l t ə d	m ɛ l t ə d	r ɛ s t ə d	0	1	reg_əd	no_change	reg_əd
model_decision	ɑː k j ə p a ɪ	ɑː k j ə p a ɪ d	ɑː j p t	ɑː r ɡ j uː	ɑː r ɡ j uː d	ɑː r ɡ j uː d	ɑː k j ə p a ɪ d	0	1	reg_d	other	reg_d
string	ɡ ɛ t	ɡ ɑː t	ɡ ɛ t	b ɛ t	b ɛ t	b ɛ t	ɡ ɛ t	1	0	vowel_change	no_change	no_change
string	p ʊ t	p ʊ t	p ʊ t	p ʊ ʃ	p ʊ ʃ t	p ʊ ʃ t	p ʊ t t	0	0	no_change	no_change	reg_t
string	ɡ o ʊ	w ɛ n t	ɡ uː	n o ʊ	n uː	n uː	ɡ uː	1	0	other	vowel_change	vowel_change
string	iː t	e ɪ t	iː d iː d	b iː t	b iː t	b iː t	iː t	0	0	vowel_change	other	no_change
string	w ɔ n t	w ɔ n t ə d	w ɔ n t ə d	w ɔ r m	w ɔ r m d	w ɔ r m d	w ɔ n t d	0	0	reg_əd	reg_əd	reg_d
string	n ɑː k	n ɑː k t	n ɑː k t	d ɑː k	d ɑː k t	d ɑː k t	n ɑː k t	1	1	reg_t	reg_t	reg_t
string	l ɪ s ə n	l ɪ s ə n d	l ɪ s ə n d	a ɪ s	a ɪ s t	a ɪ s t	l ɪ s ə n t	0	0	reg_d	reg_d	reg_t
string	p ʌ f	p ʌ f t	p ʌ f t	p æ s	p æ s t	p æ s t	p ʌ f t	1	1	reg_t	reg_t	reg_t
string	h o ʊ p	h o ʊ p t	h o ʊ p t	h o ʊ l	h o ʊ l d	h o ʊ l d	h o ʊ p d	0	0	reg_t	reg_t	reg_d
string	n iː d	n iː d ə d	n ɛ d ə d	r iː d	r ɛ d	r ɛ d	n ɛ d	0	0	reg_əd	other	vowel_change
string	k æ t͡ʃ	k ɔ t	k æ t͡ʃ t	k æ ʃ	k æ ʃ t	k æ ʃ t	k æ t͡ʃ t	1	0	rhyme_replaced	reg_t	reg_t
string	z ɪ p ɹ̩	z ɪ p ɹ̩ d	z ɪ p ɹ̩ d	z ɪ p	z ɪ p t	z ɪ p t	z ɪ p ɹ̩ t	0	0	reg_d	reg_d	reg_t
string	h ɑː p	h ɑː p t	h ɑː p t	p ɑː p	p ɑː p t	p ɑː p t	h ɑː p t	1	1	reg_t	reg_t	reg_t
string	k æ r iː	k æ r iː d	k æ r iː d	m ɛ r iː	m ɛ r iː d	m ɛ r iː d	k æ r iː d	1	1	reg_d	reg_d	reg_d
string	r ɪ t ɹ̩ n	r ɪ t ɹ̩ n d	r ɪ t ɹ̩ n d	a ɪ ɹ̩ n	a ɪ ɹ̩ n d	a ɪ ɹ̩ n d	r ɪ t ɹ̩ n d	1	1	reg_d	reg_d	reg_d
string	f iː d	f ɛ d	f iː d ə d	r iː d	r ɛ d	r ɛ d	f ɛ d	0	1	vowel_change	reg_əd	vowel_change
string	ɡ ɑː b ə l	ɡ ɑː b ə l d	ɡ ɑː b ə l d	b ʌ b ə l	b ʌ b ə l d	b ʌ b ə l d	ɡ ɑː b ə l d	1	1	reg_d	reg_d	reg_d
string	o ʊ p ə n	o ʊ p ə n d	o ʊ p ə n d	h æ p ə n	h æ p ə n d	h æ p ə n d	o ʊ p ə n d	1	1	reg_d	reg_d	reg_d
string	h o ʊ l d	h ɛ l d	h o ʊ l d ə d	f o ʊ l d	f o ʊ l d ə d	f o ʊ l d ə d	h o ʊ l d ə d	1	0	vowel_change	reg_əd	reg_əd
string	d ɪ l ɪ v ɹ̩	d ɪ l ɪ v ɹ̩ d	d ɪ l ɪ v ɹ̩ d	d ɪ z ɹ̩ v	d ɪ z ɹ̩ v d	d ɪ z ɹ̩ v d	d ɪ l ɪ v ɹ̩ d	1	1	reg_d	reg_d	reg_d
string	r ʌ b	r ʌ b d	r æ b d	d ʌ b	d ʌ b d	d ʌ b d	r ʌ b d	0	1	reg_d	vowel_change_suffix	reg_d
string	w ɑː t͡ʃ	w ɑː t͡ʃ t	w ɑː t͡ʃ t	w ɑː ʃ	w ɑː ʃ t	w ɑː ʃ t	w ɑː t͡ʃ t	1	1	reg_t	reg_t	reg_t
string	p l iː z	p l iː z d	p l iː z d	s l iː p	s l ɛ p t	s l ɛ p t	NA	0	0	reg_d	reg_d	vowel_change_suffix
string	w ɔ k	w ɔ k t	w ɔ k t	w ɹ̩ k	w ɹ̩ k t	w ɹ̩ k t	w ɔ k t	1	1	reg_t	reg_t	reg_t
string	p æ k	p æ k t	p æ k t	p æ s	p æ s t	p æ s t	p æ k t	1	1	reg_t	reg_t	reg_t
string	s a ʊ n d	s a ʊ n d ə d	s a ʊ n d	p a ʊ n d	p a ʊ n d ə d	p a ʊ n d ə d	s a ʊ n d ə d	0	1	reg_əd	no_change	reg_əd
string	ɡ r æ b	ɡ r æ b d	ɡ r æ b b	ɡ r o ʊ	ɡ r uː	ɡ r uː	NA	0	0	reg_d	other	vowel_change
string	m æ n	m æ n d	m æ n	m æ ʃ	m æ ʃ t	m æ ʃ t	m æ n t	0	0	reg_d	no_change	reg_t
string	f iː l	f ɛ l t	f iː l d	w iː l	w iː l d	w iː l d	f iː l d	1	0	vowel_change_suffix	reg_d	reg_d
string	n e ɪ m	n e ɪ m d	n e ɪ m d	t͡ʃ e ɪ s	t͡ʃ e ɪ s t	t͡ʃ e ɪ s t	n e ɪ m t	0	0	reg_d	reg_d	reg_t
string	f l o ʊ	f l o ʊ d	f l uː	f ɑː l o ʊ	f ɑː l o ʊ d	f ɑː l o ʊ d	f l o ʊ d	0	1	reg_d	vowel_change	reg_d
string	w ɛ ð ɹ̩	w ɛ ð ɹ̩ d	w ɛ ð ɹ̩ d	f ɹ̩ ð ɹ̩	f ɹ̩ ð ɹ̩ d	f ɹ̩ ð ɹ̩ d	w ɛ ð ɹ̩ d	1	1	reg_d	reg_d	reg_d
string	l a ɪ	l e ɪ	l a ɪ d	l e ɪ	l e ɪ d	l e ɪ d	l a ɪ d	1	0	vowel_change	reg_d	reg_d
string	k r æ ʃ	k r æ ʃ t	k r æ ʃ t	k æ ʃ	k æ ʃ t	k æ ʃ t	k r æ ʃ t	1	1	reg_t	reg_t	reg_t
string	p e ɪ d͡ʒ	p e ɪ d͡ʒ d	p e ɪ d͡ʒ d	p e ɪ	p e ɪ d	p e ɪ d	p e ɪ d͡ʒ d	1	1	reg_d	reg_d	reg_d
string	t͡ʃ o ʊ k	t͡ʃ o ʊ k t	t͡ʃ o ʊ k t	s o ʊ k	s o ʊ k t	s o ʊ k t	t͡ʃ o ʊ k t	1	1	reg_t	reg_t	reg_t
string	b l ɛ s	b l ɛ s t	b l ɛ s t	l ɛ d	l ɛ d ə d	l ɛ d ə d	b l ɛ s ə d	0	0	reg_t	reg_t	reg_əd
string	d ɪ ŋ	d ɪ ŋ d	d ʌ ŋ	d ɪ ɡ	d ʌ ɡ	d ʌ ɡ	NA	0	0	reg_d	vowel_change	vowel_change
string	s ɛ l	s o ʊ l d	s ɛ l d	s p ɛ l	s p ɛ l d	s p ɛ l d	s ɛ l d	1	0	vowel_change_suffix	reg_d	reg_d
string	b ɪ ɡ ɪ n	b ɪ ɡ æ n	b ɪ ɡ ɪ n d	m ɪ m ɪ k	m ɪ m ɪ k t	m ɪ m ɪ k t	b ɪ ɡ ɪ n t	0	0	vowel_change	reg_d	reg_t
string	d͡ʒ ɔ ɪ n	d͡ʒ ɔ ɪ n d	d͡ʒ ɔ ɪ n d	j ɔ n	j ɔ n d	j ɔ n d	d͡ʒ ɔ ɪ n d	1	1	reg_d	reg_d	reg_d
string	l ɑː k	l ɑː k t	l ɑː k t	l ɪ k	l ɪ k t	l ɪ k t	l ɑː k t	1	1	reg_t	reg_t	reg_t
string	b ɪ l iː v	b ɪ l iː v d	b ɪ l iː b v d	b ɪ l ɔ ŋ	b ɪ l ɔ ŋ d	b ɪ l ɔ ŋ d	b ɪ l iː v d	0	1	reg_d	coda_change	reg_d
string	ə n d ɹ̩ s t æ n d	ə n d ɹ̩ s t ʊ d	ə s t ə d ə d	s t æ n d	s t ʊ d	s t ʊ d	ə n d ɹ̩ s t ʊ d	0	1	rhyme_replaced	other	rhyme_replaced
string	t r e ɪ n	t r e ɪ n d	t r e ɪ n d	t r e ɪ l	t r e ɪ l d	t r e ɪ l d	t r e ɪ n d	1	1	reg_d	reg_d	reg_d
string	k r ɔ l	k r ɔ l d	k r ɔ l d	k ɔ l	k ɔ l d	k ɔ l d	k r ɔ l d	1	1	reg_d	reg_d	reg_d
string	p æ t	p æ t ə d	p æ t	p æ n t	p æ n t ə d	p æ n t ə d	p æ t ə d	0	1	reg_əd	no_change	reg_əd
string	ɔ r d ɹ̩	ɔ r d ɹ̩ d	ɔ r d ɹ̩ d	ɔ f ɹ̩	ɔ f ɹ̩ d	ɔ f ɹ̩ d	ɔ r d ɹ̩ d	1	1	reg_d	reg_d	reg_d
string	f l a ɪ	f l uː	f l a ɪ d	p l e ɪ	p l e ɪ d	p l e ɪ d	f l a ɪ d	1	0	vowel_change	reg_d	reg_d
string	l o ʊ d	l o ʊ d ə d	l o ʊ d	l o ʊ n	l o ʊ n d	l o ʊ n d	l o ʊ d d	0	0	reg_əd	no_change	reg_d
string	k ə m p l e ɪ n	k ə m p l e ɪ n d	k ə n t ə n d	ɪ k s p l e ɪ n	ɪ k s p l e ɪ n d	ɪ k s p l e ɪ n d	k ə m p l e ɪ n d	0	1	reg_d	other	reg_d
string	b l ɛ n d	b l ɛ n d ə d	b l ɛ n d ə d	l ɛ n d	l ɛ n t	l ɛ n t	b l ɛ n t	0	0	reg_əd	reg_əd	coda_change
string	b l ɑː k	b l ɑː k t	b l ɑː k t	k l ɑː k	k l ɑː k t	k l ɑː k t	b l ɑː k t	1	1	reg_t	reg_t	reg_t
string	t ɪ p	t ɪ p t	t ɪ p t	t æ p	t æ p t	t æ p t	t ɪ p t	1	1	reg_t	reg_t	reg_t
string	d͡ʒ ɛ t	d͡ʒ ɛ t ə d	d͡ʒ ɛ t	s ɛ t	s ɛ t	s ɛ t	d͡ʒ ɛ t	1	0	reg_əd	no_change	no_change
string	b r iː ð	b r iː ð d	b r iː ð d	b r ɪ ŋ	b r ɔ t	b r ɔ t	NA	0	0	reg_d	reg_d	rhyme_replaced
string	d a ɪ ə l	d a ɪ ə l d	d a ɪ d ə l d	d r ɪ b ə l	d r ɪ b ə l d	d r ɪ b ə l d	d a ɪ ə l d	0	1	reg_d	other	reg_d
string	m ɛ n ʃ ə n	m ɛ n ʃ ə n d	m ʃ t ə n t ə d	m ɛ l t	m ɛ l t ə d	m ɛ l t ə d	m ɛ n ʃ ə n ə d	0	0	reg_d	other	reg_əd
string	h ʌ ɡ	h ʌ ɡ d	h ʌ ɡ d	b ʌ ɡ	b ʌ ɡ d	b ʌ ɡ d	h ʌ ɡ d	1	1	reg_d	reg_d	reg_d
string	p a ʊ ɹ̩	p a ʊ ɹ̩ d	p a ʊ ɹ̩ d	s a ʊ ɹ̩	s a ʊ ɹ̩ d	s a ʊ ɹ̩ d	p a ʊ ɹ̩ d	1	1	reg_d	reg_d	reg_d
string	s ɑː k	s ɑː k t	s ɑː k t	d ɑː k	d ɑː k t	d ɑː k t	s ɑː k t	1	1	reg_t	reg_t	reg_t
string	w uː p	w uː p t	w uː p t	s w uː p	s w uː p t	s w uː p t	w uː p t	1	1	reg_t	reg_t	reg_t
string	r iː m a ɪ n d	r iː m a ɪ n d ə d	r iː m a ɪ n d ə d	m a ɪ n d	m a ɪ n d ə d	m a ɪ n d ə d	r iː m a ɪ n d ə d	1	1	reg_əd	reg_əd	reg_əd
string	h æ n d ə l	h æ n d ə l d	h n d ə n t ə l d	h æ n d	h æ n d ə d	h æ n d ə d	h æ n d ə l ə d	0	0	reg_d	other	reg_əd
string	s n iː z	s n iː z d	s n d	s a ɪ z	s a ɪ z d	s a ɪ z d	s n iː z d	0	1	reg_d	other	reg_d
string	v ɪ z ɪ t	v ɪ z ɪ t ə d	v ɪ z ɪ t ə d	r ɪ z ɪ s t	r ɪ z ɪ s t ə d	r ɪ z ɪ s t ə d	v ɪ z ɪ t ə d	1	1	reg_əd	reg_əd	reg_əd
string	s l a ɪ d	s l ɪ d	s l a ɪ d	s a ɪ d	s a ɪ d ə d	s a ɪ d ə d	s l a ɪ d ə d	0	0	vowel_change	no_change	reg_əd
string	p l æ n	p l æ n d	p l æ n d	p æ s	p æ s t	p æ s t	p l æ n t	0	0	reg_d	reg_d	reg_t
string	ɛ l b o ʊ	ɛ l b o ʊ d	ɛ l o ʊ d	b l o ʊ	b l uː	b l uː	ɛ l b uː	0	0	reg_d	other	vowel_change
string	b ɑː k s	b ɑː k s t	b ɑː k s t	m ɪ k s	m ɪ k s t	m ɪ k s t	b ɑː k s t	1	1	reg_t	reg_t	reg_t
string	ɪ n k l uː d	ɪ n k l uː d ə d	ɪ n d ɪ n d ə d	k uː l	k uː l d	k uː l d	ɪ n k l uː d d	0	0	reg_əd	other	reg_d
string	b ɹ̩ n	b ɹ̩ n d	b ɹ̩ n d	t ɹ̩ n	t ɹ̩ n d	t ɹ̩ n d	b ɹ̩ n d	1	1	reg_d	reg_d	reg_d
string	ʃ e ɪ p	ʃ e ɪ p t	ʃ e ɪ p t	t e ɪ p	t e ɪ p t	t e ɪ p t	ʃ e ɪ p t	1	1	reg_t	reg_t	reg_t
string	b o ʊ n	b o ʊ n d	b o ʊ n d	l o ʊ n	l o ʊ n d	l o ʊ n d	b o ʊ n d	1	1	reg_d	reg_d	reg_d
string	f ɪ l	f ɪ l d	f ɪ l d	f e ɪ l	f e ɪ l d	f e ɪ l d	f ɪ l d	1	1	reg_d	reg_d	reg_d
string	m æ s k	m æ s k t	m æ s k t	b æ s k	b æ s k t	b æ s k t	m æ s k t	1	1	reg_t	reg_t	reg_t
string	s ɛ l ə b r e ɪ t	s ɛ l ə b r e ɪ t ə d	s t r ə d ə d ə d	s ɛ p ɹ̩ e ɪ t	s ɛ p ɹ̩ e ɪ t ə d	s ɛ p ɹ̩ e ɪ t ə d	s ɛ l ə b r e ɪ t ə d	0	1	reg_əd	other	reg_əd
string	k r ʌ m b ə l	k r ʌ m b ə l d	k t r ɛ l ə l d	b ʌ b ə l	b ʌ b ə l d	b ʌ b ə l d	k r ʌ m b ə l d	0	1	reg_d	other	reg_d
string	r ɑː k	r ɑː k t	r ɑː k t	d ɑː k	d ɑː k t	d ɑː k t	r ɑː k t	1	1	reg_t	reg_t	reg_t
string	ɡ ɛ r ə n t iː	ɡ ɛ r ə n t iː d	ɡ ə n t ə n t ə d	ɡ r æ n t	ɡ r æ n t ə d	ɡ r æ n t ə d	ɡ ɛ r ə n t iː ə d	0	0	reg_d	other	reg_əd
string	k ə n ɛ k t	k ə n ɛ k t ə d	k ə n t ə d	k ɹ̩ ɛ k t	k ɹ̩ ɛ k t ə d	k ɹ̩ ɛ k t ə d	k ə n ɛ k t ə d	0	1	reg_əd	other	reg_əd
string	t ɔ s	t ɔ s t	t ɔ s t	t ɔ k	t ɔ k t	t ɔ k t	t ɔ s t	1	1	reg_t	reg_t	reg_t
string	iː v ɪ n	iː v ɪ n d	iː v d	d a ɪ n	d a ɪ n d	d a ɪ n d	iː v ɪ n d	0	1	reg_d	other	reg_d
string	b a ʊ n s	b a ʊ n s t	b a ʊ n s t	p a ʊ n s	p a ʊ n s t	p a ʊ n s t	b a ʊ n s t	1	1	reg_t	reg_t	reg_t
string	ɹ̩ n	ɹ̩ n d	ɹ̩ d ɹ̩ n d ɹ̩ d ɹ̩ d	l ɹ̩ n	l ɹ̩ n d	l ɹ̩ n d	ɹ̩ n d	0	1	reg_d	other	reg_d
string	k l a ʊ d	k l a ʊ d ə d	k l a ʊ d	k l a ɪ m	k l a ɪ m d	k l a ɪ m d	k l a ʊ d d	0	0	reg_əd	no_change	reg_d
string	k ʌ p ə l	k ʌ p ə l d	k ʌ p ə l d	b ʌ b ə l	b ʌ b ə l d	b ʌ b ə l d	k ʌ p ə l d	1	1	reg_d	reg_d	reg_d
string	f l ʌ ʃ	f l ʌ ʃ t	f l ʌ ʃ t	f l æ p	f l æ p t	f l æ p t	f l ʌ ʃ t	1	1	reg_t	reg_t	reg_t
string	h ɑː r n ə s	h ɑː r n ə s t	h r æ n t ə s t ə d	ɪ r e ɪ s	ɪ r e ɪ s t	ɪ r e ɪ s t	h ɑː r n ə s t	0	1	reg_t	other	reg_t
string	b r a ʊ n	b r a ʊ n d	b r a ʊ n d	d a ʊ n	d a ʊ n d	d a ʊ n d	b r a ʊ n d	1	1	reg_d	reg_d	reg_d
string	s t ɪ ŋ k	s t ʌ ŋ k	s t ʊ k t ə d	s ɪ ŋ k	s æ ŋ k	s æ ŋ k	s t æ ŋ k	0	0	vowel_change	other	vowel_change
string	r iː f r ɛ ʃ	r iː f r ɛ ʃ t	r iː r ɛ ɛ f ɔ t ə d	r ə f ɹ̩	r ə f ɹ̩ d	r ə f ɹ̩ d	r iː f r ɛ ʃ d	0	0	reg_t	other	reg_d
string	p r ə f ɹ̩	p r ə f ɹ̩ d	p r ə r ə d	r ə f ɹ̩	r ə f ɹ̩ d	r ə f ɹ̩ d	p r ə f ɹ̩ d	0	1	reg_d	other	reg_d
string	s t iː l	s t o ʊ l	s t iː l d	s t ɪ l	s t ɪ l d	s t ɪ l d	s t iː l d	1	0	vowel_change	reg_d	reg_d
string	b æ n d	b æ n d ə d	b æ n t	h æ n d	h æ n d ə d	h æ n d ə d	b æ n d ə d	0	1	reg_əd	coda_change	reg_əd
string	r ɪ d	r ɪ d	r ɪ d	k ɪ d	k ɪ d ə d	k ɪ d ə d	r ɪ d ə d	0	0	no_change	no_change	reg_əd
string	k o ʊ ɑː p ɹ̩ e ɪ t	k o ʊ ɑː p ɹ̩ e ɪ t ə d	k t	s ɛ p ɹ̩ e ɪ t	s ɛ p ɹ̩ e ɪ t ə d	s ɛ p ɹ̩ e ɪ t ə d	k o ʊ ɑː p ɹ̩ e ɪ t ə d	0	1	reg_əd	other	reg_əd
string	b ɑː ð ɹ̩	b ɑː ð ɹ̩ d	b ɑː ð ɹ̩ d	ɡ æ ð ɹ̩	ɡ æ ð ɹ̩ d	ɡ æ ð ɹ̩ d	b ɑː ð ɹ̩ d	1	1	reg_d	reg_d	reg_d
string	r ɛ s t	r ɛ s t ə d	r ɛ s t	t ɛ s t	t ɛ s t ə d	t ɛ s t ə d	r ɛ s t ə d	0	1	reg_əd	no_change	reg_əd
string	ɑː k j ə p a ɪ	ɑː k j ə p a ɪ d	ɑː j p t	k r a ɪ	k r a ɪ d	k r a ɪ d	ɑː k j ə p a ɪ d	0	1	reg_d	other	reg_d
final	ɡ ɛ t	ɡ ɑː t	ɡ ɛ t	s k w ɹ̩ t	s k w ɹ̩ t ə d	s k w ɹ̩ t ə d	ɡ ɛ t ə d	0	0	vowel_change	no_change	reg_əd
final	p ʊ t	p ʊ t	p ʊ t	ə d m ɪ t	ə d m ɪ t ə d	ə d m ɪ t ə d	p ʊ t ə d	0	0	no_change	no_change	reg_əd
final	ɡ o ʊ	w ɛ n t	ɡ uː	b l o ʊ	b l uː	b l uː	ɡ uː	1	0	other	vowel_change	vowel_change
final	iː t	e ɪ t	iː d iː d	l ɛ t	l ɛ t	l ɛ t	iː t	0	0	vowel_change	other	no_change
final	w ɔ n t	w ɔ n t ə d	w ɔ n t ə d	r ɑː k ə t	r ɑː k ə t ə d	r ɑː k ə t ə d	w ɔ n t ə d	1	1	reg_əd	reg_əd	reg_əd
final	n ɑː k	n ɑː k t	n ɑː k t	f r æ ŋ k	f r æ ŋ k t	f r æ ŋ k t	n ɑː k t	1	1	reg_t	reg_t	reg_t
final	l ɪ s ə n	l ɪ s ə n d	l ɪ s ə n d	ɪ k s p l e ɪ n	ɪ k s p l e ɪ n d	ɪ k s p l e ɪ n d	l ɪ s ə n d	1	1	reg_d	reg_d	reg_d
final	p ʌ f	p ʌ f t	p ʌ f t	l æ f	l æ f t	l æ f t	p ʌ f t	1	1	reg_t	reg_t	reg_t
final	h o ʊ p	h o ʊ p t	h o ʊ p t	s n æ p	s n æ p t	s n æ p t	h o ʊ p t	1	1	reg_t	reg_t	reg_t
final	n iː d	n iː d ə d	n ɛ d ə d	l ɛ d	l ɛ d ə d	l ɛ d ə d	n iː d ə d	0	1	reg_əd	other	reg_əd
final	k æ t͡ʃ	k ɔ t	k æ t͡ʃ t	s t r ɛ t͡ʃ	s t r ɛ t͡ʃ t	s t r ɛ t͡ʃ t	k æ t͡ʃ t	1	0	rhyme_replaced	reg_t	reg_t
final	z ɪ p ɹ̩	z ɪ p ɹ̩ d	z ɪ p ɹ̩ d	s a ʊ ɹ̩	s a ʊ ɹ̩ d	s a ʊ ɹ̩ d	z ɪ p ɹ̩ d	1	1	reg_d	reg_d	reg_d
final	h ɑː p	h ɑː p t	h ɑː p t	k l æ p	k l æ p t	k l æ p t	h ɑː p t	1	1	reg_t	reg_t	reg_t
final	k æ r iː	k æ r iː d	k æ r iː d	p iː	p iː d	p iː d	k æ r iː d	1	1	reg_d	reg_d	reg_d
final	r ɪ t ɹ̩ n	r ɪ t ɹ̩ n d	r ɪ t ɹ̩ n d	r ʌ n	r æ n	r æ n	NA	0	0	reg_d	reg_d	vowel_change
final	f iː d	f ɛ d	f iː d ə d	r iː b a ʊ n d	r iː b a ʊ n d ə d	r iː b a ʊ n d ə d	f iː d ə d	1	0	vowel_change	reg_əd	reg_əd
final	ɡ ɑː b ə l	ɡ ɑː b ə l d	ɡ ɑː b ə l d	t ɛ l	t ɛ l d	t o ʊ l d	ɡ ɑː b ə l d	1	1	reg_d	reg_d	reg_d
final	o ʊ p ə n	o ʊ p ə n d	o ʊ p ə n d	l o ʊ n	l o ʊ n d	l o ʊ n d	o ʊ p ə n d	1	1	reg_d	reg_d	reg_d
final	h o ʊ l d	h ɛ l d	h o ʊ l d ə d	p a ʊ n d	p a ʊ n d ə d	p a ʊ n d ə d	h o ʊ l d ə d	1	0	vowel_change	reg_əd	reg_əd
final	d ɪ l ɪ v ɹ̩	d ɪ l ɪ v ɹ̩ d	d ɪ l ɪ v ɹ̩ d	f l a ʊ ɹ̩	f l a ʊ ɹ̩ d	f l a ʊ ɹ̩ d	d ɪ l ɪ v ɹ̩ d	1	1	reg_d	reg_d	reg_d
final	r ʌ b	r ʌ b d	r æ b d	d ʌ b	d ʌ b d	d ʌ b d	r ʌ b d	0	1	reg_d	vowel_change_suffix	reg_d
final	w ɑː t͡ʃ	w ɑː t͡ʃ t	w ɑː t͡ʃ t	r ɛ n t͡ʃ	r ɛ n t͡ʃ t	r ɛ n t͡ʃ t	w ɑː t͡ʃ t	1	1	reg_t	reg_t	reg_t
final	p l iː z	p l iː z d	p l iː z d	r ɛ k ə ɡ n a ɪ z	r ɛ k ə ɡ n a ɪ z d	r ɛ k ə ɡ n a ɪ z d	p l iː z d	1	1	reg_d	reg_d	reg_d
final	w ɔ k	w ɔ k t	w ɔ k t	m e ɪ k	m e ɪ k t	m e ɪ d	w ɔ k t	1	1	reg_t	reg_t	reg_t
final	p æ k	p æ k t	p æ k t	b æ k	b æ k t	b æ k t	p æ k t	1	1	reg_t	reg_t	reg_t
final	s a ʊ n d	s a ʊ n d ə d	s a ʊ n d	s p iː d	s p ɛ d	s p ɛ d	NA	0	0	reg_əd	no_change	vowel_change
final	ɡ r æ b	ɡ r æ b d	ɡ r æ b b	d ʌ b	d ʌ b d	d ʌ b d	ɡ r æ b d	0	1	reg_d	other	reg_d
final	m æ n	m æ n d	m æ n	ɪ k s p l e ɪ n	ɪ k s p l e ɪ n d	ɪ k s p l e ɪ n d	m æ n d	0	1	reg_d	no_change	reg_d
final	f iː l	f ɛ l t	f iː l d	r æ t ə l	r æ t ə l d	r æ t ə l d	f iː l d	1	0	vowel_change_suffix	reg_d	reg_d
final	n e ɪ m	n e ɪ m d	n e ɪ m d	t a ɪ m	t a ɪ m d	t a ɪ m d	n e ɪ m d	1	1	reg_d	reg_d	reg_d
final	f l o ʊ	f l o ʊ d	f l uː	f ɑː l o ʊ	f ɑː l o ʊ d	f ɑː l o ʊ d	f l o ʊ d	0	1	reg_d	vowel_change	reg_d
final	w ɛ ð ɹ̩	w ɛ ð ɹ̩ d	w ɛ ð ɹ̩ d	m æ t ɹ̩	m æ t ɹ̩ d	m æ t ɹ̩ d	w ɛ ð ɹ̩ d	1	1	reg_d	reg_d	reg_d
final	l a ɪ	l e ɪ	l a ɪ d	t a ɪ	t a ɪ d	t a ɪ d	l a ɪ d	1	0	vowel_change	reg_d	reg_d
final	k r æ ʃ	k r æ ʃ t	k r æ ʃ t	b r ʌ ʃ	b r ʌ ʃ t	b r ʌ ʃ t	k r æ ʃ t	1	1	reg_t	reg_t	reg_t
final	p e ɪ d͡ʒ	p e ɪ d͡ʒ d	p e ɪ d͡ʒ d	t͡ʃ e ɪ n d͡ʒ	t͡ʃ e ɪ n d͡ʒ d	t͡ʃ e ɪ n d͡ʒ d	p e ɪ d͡ʒ d	1	1	reg_d	reg_d	reg_d
final	t͡ʃ o ʊ k	t͡ʃ o ʊ k t	t͡ʃ o ʊ k t	s p æ ŋ k	s p æ ŋ k t	s p æ ŋ k t	t͡ʃ o ʊ k t	1	1	reg_t	reg_t	reg_t
final	b l ɛ s	b l ɛ s t	b l ɛ s t	n o ʊ t ɪ s	n o ʊ t ɪ s t	n o ʊ t ɪ s t	b l ɛ s t	1	1	reg_t	reg_t	reg_t
final	d ɪ ŋ	d ɪ ŋ d	d ʌ ŋ	r ɪ ŋ	r æ ŋ	r æ ŋ	d æ ŋ	0	0	reg_d	vowel_change	vowel_change
final	s ɛ l	s o ʊ l d	s ɛ l d	s p ɛ l	s p ɛ l d	s p ɛ l d	s ɛ l d	1	0	vowel_change_suffix	reg_d	reg_d
final	b ɪ ɡ ɪ n	b ɪ ɡ æ n	b ɪ ɡ ɪ n d	d a ʊ n	d a ʊ n d	d a ʊ n d	b ɪ ɡ ɪ n d	1	0	vowel_change	reg_d	reg_d
final	d͡ʒ ɔ ɪ n	d͡ʒ ɔ ɪ n d	d͡ʒ ɔ ɪ n d	t ɹ̩ n	t ɹ̩ n d	t ɹ̩ n d	d͡ʒ ɔ ɪ n d	1	1	reg_d	reg_d	reg_d
final	l ɑː k	l ɑː k t	l ɑː k t	æ s k	æ s k t	æ s k t	l ɑː k t	1	1	reg_t	reg_t	reg_t
final	b ɪ l iː v	b ɪ l iː v d	b ɪ l iː b v d	w e ɪ v	w e ɪ v d	w e ɪ v d	b ɪ l iː v d	0	1	reg_d	coda_change	reg_d
final	ə n d ɹ̩ s t æ n d	ə n d ɹ̩ s t ʊ d	ə s t ə d ə d	w a ɪ n d	w a ɪ n d ə d	w a ɪ n d ə d	ə n d ɹ̩ s t æ n d ə d	0	0	rhyme_replaced	other	reg_əd
final	t r e ɪ n	t r e ɪ n d	t r e ɪ n d	t ɹ̩ n	t ɹ̩ n d	t ɹ̩ n d	t r e ɪ n d	1	1	reg_d	reg_d	reg_d
final	k r ɔ l	k r ɔ l d	k r ɔ l d	t e ɪ b ə l	t e ɪ b ə l d	t e ɪ b ə l d	k r ɔ l d	1	1	reg_d	reg_d	reg_d
final	p æ t	p æ t ə d	p æ t	r ɪ z ɪ s t	r ɪ z ɪ s t ə d	r ɪ z ɪ s t ə d	p æ t ə d	0	1	reg_əd	no_change	reg_əd
final	ɔ r d ɹ̩	ɔ r d ɹ̩ d	ɔ r d ɹ̩ d	r ə f ɹ̩	r ə f ɹ̩ d	r ə f ɹ̩ d	ɔ r d ɹ̩ d	1	1	reg_d	reg_d	reg_d
final	f l a ɪ	f l uː	f l a ɪ d	t r a ɪ	t r a ɪ d	t r a ɪ d	f l a ɪ d	1	0	vowel_change	reg_d	reg_d
final	l o ʊ d	l o ʊ d ə d	l o ʊ d	p æ d	p æ d ə d	p æ d ə d	l o ʊ d ə d	0	1	reg_əd	no_change	reg_əd
final	k ə m p l e ɪ n	k ə m p l e ɪ n d	k ə n t ə n d	b ə l uː n	b ə l uː n d	b ə l uː n d	k ə m p l e ɪ n d	0	1	reg_d	other	reg_d
final	b l ɛ n d	b l ɛ n d ə d	b l ɛ n d ə d	w a ɪ n d	w a ɪ n d ə d	w a ɪ n d ə d	b l ɛ n d ə d	1	1	reg_əd	reg_əd	reg_əd
final	b l ɑː k	b l ɑː k t	b l ɑː k t	b æ k	b æ k t	b æ k t	b l ɑː k t	1	1	reg_t	reg_t	reg_t
final	t ɪ p	t ɪ p t	t ɪ p t	r ɪ p	r ɪ p t	r ɪ p t	t ɪ p t	1	1	reg_t	reg_t	reg_t
final	d͡ʒ ɛ t	d͡ʒ ɛ t ə d	d͡ʒ ɛ t	ə s o ʊ s iː e ɪ t	ə s o ʊ s iː e ɪ t ə d	ə s o ʊ s iː e ɪ t ə d	d͡ʒ ɛ t ə d	0	1	reg_əd	no_change	reg_əd
final	b r iː ð	b r iː ð d	b r iː ð d	m a ʊ ð	m a ʊ ð d	m a ʊ ð d	b r iː ð d	1	1	reg_d	reg_d	reg_d
final	d a ɪ ə l	d a ɪ ə l d	d a ɪ d ə l d	p ʊ l	p ʊ l d	p ʊ l d	d a ɪ ə l d	0	1	reg_d	other	reg_d
final	m ɛ n ʃ ə n	m ɛ n ʃ ə n d	m ʃ t ə n t ə d	r ʌ n	r æ n	r æ n	NA	0	0	reg_d	other	vowel_change
final	h ʌ ɡ	h ʌ ɡ d	h ʌ ɡ d	d r æ ɡ	d r æ ɡ d	d r æ ɡ d	h ʌ ɡ d	1	1	reg_d	reg_d	reg_d
final	p a ʊ ɹ̩	p a ʊ ɹ̩ d	p a ʊ ɹ̩ d	t a ɪ ɹ̩	t a ɪ ɹ̩ d	t a ɪ ɹ̩ d	p a ʊ ɹ̩ d	1	1	reg_d	reg_d	reg_d
final	s ɑː k	s ɑː k t	s ɑː k t	æ s k	æ s k t	æ s k t	s ɑː k t	1	1	reg_t	reg_t	reg_t
final	w uː p	w uː p t	w uː p t	s l iː p	s l ɛ p t	s l ɛ p t	NA	0	0	reg_t	reg_t	vowel_change_suffix
final	r iː m a ɪ n d	r iː m a ɪ n d ə d	r iː m a ɪ n d ə d	ɛ n d	ɛ n d ə d	ɛ n d ə d	r iː m a ɪ n d ə d	1	1	reg_əd	reg_əd	reg_əd
final	h æ n d ə l	h æ n d ə l d	h n d ə n t ə l d	b ɔ l	b ɔ l d	b ɔ l d	h æ n d ə l d	0	1	reg_d	other	reg_d
final	s n iː z	s n iː z d	s n d	k ɑː z	k ɑː z d	k ɑː z d	s n iː z d	0	1	reg_d	other	reg_d
final	v ɪ z ɪ t	v ɪ z ɪ t ə d	v ɪ z ɪ t ə d	r ɪ z ɪ s t	r ɪ z ɪ s t ə d	r ɪ z ɪ s t ə d	v ɪ z ɪ t ə d	1	1	reg_əd	reg_əd	reg_əd
final	s l a ɪ d	s l ɪ d	s l a ɪ d	p r iː t ɛ n d	p r iː t ɛ n d ə d	p r iː t ɛ n d ə d	s l a ɪ d ə d	0	0	vowel_change	no_change	reg_əd
final	p l æ n	p l æ n d	p l æ n d	ɡ r iː n	ɡ r iː n d	ɡ r iː n d	p l æ n d	1	1	reg_d	reg_d	reg_d
final	ɛ l b o ʊ	ɛ l b o ʊ d	ɛ l o ʊ d	s w ɑː l o ʊ	s w ɑː l o ʊ d	s w ɑː l o ʊ d	ɛ l b o ʊ d	0	1	reg_d	other	reg_d
final	b ɑː k s	b ɑː k s t	b ɑː k s t	p æ s	p æ s t	p æ s t	b ɑː k s t	1	1	reg_t	reg_t	reg_t
final	ɪ n k l uː d	ɪ n k l uː d ə d	ɪ n d ɪ n d ə d	w a ɪ n d	w a ɪ n d ə d	w a ɪ n d ə d	ɪ n k l uː d ə d	0	1	reg_əd	other	reg_əd
final	b ɹ̩ n	b ɹ̩ n d	b ɹ̩ n d	l o ʊ n	l o ʊ n d	l o ʊ n d	b ɹ̩ n d	1	1	reg_d	reg_d	reg_d
final	ʃ e ɪ p	ʃ e ɪ p t	ʃ e ɪ p t	p ʌ m p	p ʌ m p t	p ʌ m p t	ʃ e ɪ p t	1	1	reg_t	reg_t	reg_t
final	b o ʊ n	b o ʊ n d	b o ʊ n d	b ə l uː n	b ə l uː n d	b ə l uː n d	b o ʊ n d	1	1	reg_d	reg_d	reg_d
final	f ɪ l	f ɪ l d	f ɪ l d	t æ k ə l	t æ k ə l d	t æ k ə l d	f ɪ l d	1	1	reg_d	reg_d	reg_d
final	m æ s k	m æ s k t	m æ s k t	s m æ k	s m æ k t	s m æ k t	m æ s k t	1	1	reg_t	reg_t	reg_t
final	s ɛ l ə b r e ɪ t	s ɛ l ə b r e ɪ t ə d	s t r ə d ə d ə d	b iː t	b iː t	b iː t	s ɛ l ə b r e ɪ t	0	0	reg_əd	other	no_change
final	k r ʌ m b ə l	k r ʌ m b ə l d	k t r ɛ l ə l d	w ɑː f ə l	w ɑː f ə l d	w ɑː f ə l d	k r ʌ m b ə l d	0	1	reg_d	other	reg_d
final	r ɑː k	r ɑː k t	r ɑː k t	t r ʌ k	t r ʌ k t	t r ʌ k t	r ɑː k t	1	1	reg_t	reg_t	reg_t
final	ɡ ɛ r ə n t iː	ɡ ɛ r ə n t iː d	ɡ ə n t ə n t ə d	p iː	p iː d	p iː d	ɡ ɛ r ə n t iː d	0	1	reg_d	other	reg_d
final	k ə n ɛ k t	k ə n ɛ k t ə d	k ə n t ə d	b uː t	b uː t ə d	b uː t ə d	k ə n ɛ k t ə d	0	1	reg_əd	other	reg_əd
final	t ɔ s	t ɔ s t	t ɔ s t	p æ s	p æ s t	p æ s t	t ɔ s t	1	1	reg_t	reg_t	reg_t
final	iː v ɪ n	iː v ɪ n d	iː v d	j ɔ n	j ɔ n d	j ɔ n d	iː v ɪ n d	0	1	reg_d	other	reg_d
final	b a ʊ n s	b a ʊ n s t	b a ʊ n s t	k ɪ s	k ɪ s t	k ɪ s t	b a ʊ n s t	1	1	reg_t	reg_t	reg_t
final	ɹ̩ n	ɹ̩ n d	ɹ̩ d ɹ̩ n d ɹ̩ d ɹ̩ d	w iː k ə n	w iː k ə n d	w iː k ə n d	ɹ̩ n d	0	1	reg_d	other	reg_d
final	k l a ʊ d	k l a ʊ d ə d	k l a ʊ d	t r e ɪ d	t r e ɪ d ə d	t r e ɪ d ə d	k l a ʊ d ə d	0	1	reg_əd	no_change	reg_əd
final	k ʌ p ə l	k ʌ p ə l d	k ʌ p ə l d	w iː l	w iː l d	w iː l d	k ʌ p ə l d	1	1	reg_d	reg_d	reg_d
final	f l ʌ ʃ	f l ʌ ʃ t	f l ʌ ʃ t	s p l æ ʃ	s p l æ ʃ t	s p l æ ʃ t	f l ʌ ʃ t	1	1	reg_t	reg_t	reg_t
final	h ɑː r n ə s	h ɑː r n ə s t	h r æ n t ə s t ə d	t͡ʃ e ɪ s	t͡ʃ e ɪ s t	t͡ʃ e ɪ s t	h ɑː r n ə s t	0	1	reg_t	other	reg_t
final	b r a ʊ n	b r a ʊ n d	b r a ʊ n d	ɪ m æ d͡ʒ ə n	ɪ m æ d͡ʒ ə n d	ɪ m æ d͡ʒ ə n d	b r a ʊ n d	1	1	reg_d	reg_d	reg_d
final	s t ɪ ŋ k	s t ʌ ŋ k	s t ʊ k t ə d	t͡ʃ ɛ k	t͡ʃ ɛ k t	t͡ʃ ɛ k t	s t ɪ ŋ k t	0	0	vowel_change	other	reg_t
final	r iː f r ɛ ʃ	r iː f r ɛ ʃ t	r iː r ɛ ɛ f ɔ t ə d	f ɪ n ɪ ʃ	f ɪ n ɪ ʃ t	f ɪ n ɪ ʃ t	r iː f r ɛ ʃ t	0	1	reg_t	other	reg_t
final	p r ə f ɹ̩	p r ə f ɹ̩ d	p r ə r ə d	w ɪ s p ɹ̩	w ɪ s p ɹ̩ d	w ɪ s p ɹ̩ d	p r ə f ɹ̩ d	0	1	reg_d	other	reg_d
final	s t iː l	s t o ʊ l	s t iː l d	t æ k ə l	t æ k ə l d	t æ k ə l d	s t iː l d	1	0	vowel_change	reg_d	reg_d
final	b æ n d	b æ n d ə d	b æ n t	s t æ n d	s t ʊ d	s t ʊ d	b ʊ d	0	0	reg_əd	coda_change	rhyme_replaced
final	r ɪ d	r ɪ d	r ɪ d	h a ɪ d	h ɪ d	h ɪ d	NA	0	0	no_change	no_change	vowel_change
final	k o ʊ ɑː p ɹ̩ e ɪ t	k o ʊ ɑː p ɹ̩ e ɪ t ə d	k t	s ɛ p ɹ̩ e ɪ t	s ɛ p ɹ̩ e ɪ t ə d	s ɛ p ɹ̩ e ɪ t ə d	k o ʊ ɑː p ɹ̩ e ɪ t ə d	0	1	reg_əd	other	reg_əd
final	b ɑː ð ɹ̩	b ɑː ð ɹ̩ d	b ɑː ð ɹ̩ d	s ɛ n t ɹ̩	s ɛ n t ɹ̩ d	s ɛ n t ɹ̩ d	b ɑː ð ɹ̩ d	1	1	reg_d	reg_d	reg_d
final	r ɛ s t	r ɛ s t ə d	r ɛ s t	r ɑː k ə t	r ɑː k ə t ə d	r ɑː k ə t ə d	r ɛ s t ə d	0	1	reg_əd	no_change	reg_əd
final	ɑː k j ə p a ɪ	ɑː k j ə p a ɪ d	ɑː j p t	s p r e ɪ	s p r e ɪ d	s p r e ɪ d	ɑː k j ə p a ɪ d	0	1	reg_d	other	reg_d
majority	ɡ ɛ t	ɡ ɑː t	ɡ ɛ t	f o ʊ n	f o ʊ n d	f o ʊ n d	ɡ ɛ t d	0	0	vowel_change	no_change	reg_d
majority	p ʊ t	p ʊ t	p ʊ t	d ɪ s ə p iː r	d ɪ s ə p iː r d	d ɪ s ə p iː r d	p ʊ t d	0	0	no_change	no_change	reg_d
majority	ɡ o ʊ	w ɛ n t	ɡ uː	t r a ɪ	t r a ɪ d	t r a ɪ d	ɡ o ʊ d	0	0	other	vowel_change	reg_d
majority	iː t	e ɪ t	iː d iː d	t ɪ k ə l	t ɪ k ə l d	t ɪ k ə l d	iː t d	0	0	vowel_change	other	reg_d
majority	w ɔ n t	w ɔ n t ə d	w ɔ n t ə d	t ɔ ɪ	t ɔ ɪ d	t ɔ ɪ d	w ɔ n t d	0	0	reg_əd	reg_əd	reg_d
majority	n ɑː k	n ɑː k t	n ɑː k t	f e ɪ l	f e ɪ l d	f e ɪ l d	n ɑː k d	0	0	reg_t	reg_t	reg_d
majority	l ɪ s ə n	l ɪ s ə n d	l ɪ s ə n d	d r ɪ b ə l	d r ɪ b ə l d	d r ɪ b ə l d	l ɪ s ə n d	1	1	reg_d	reg_d	reg_d
majority	p ʌ f	p ʌ f t	p ʌ f t	b ʌ b ə l	b ʌ b ə l d	b ʌ b ə l d	p ʌ f d	0	0	reg_t	reg_t	reg_d
majority	h o ʊ p	h o ʊ p t	h o ʊ p t	s ɹ̩ v	s ɹ̩ v d	s ɹ̩ v d	h o ʊ p d	0	0	reg_t	reg_t	reg_d
majority	n iː d	n iː d ə d	n ɛ d ə d	ɛ m p t iː	ɛ m p t iː d	ɛ m p t iː d	n iː d d	0	0	reg_əd	other	reg_d
majority	k æ t͡ʃ	k ɔ t	k æ t͡ʃ t	f a ɪ ɹ̩	f a ɪ ɹ̩ d	f a ɪ ɹ̩ d	k æ t͡ʃ d	0	0	rhyme_replaced	reg_t	reg_d
majority	z ɪ p ɹ̩	z ɪ p ɹ̩ d	z ɪ p ɹ̩ d	h a ʊ z	h a ʊ z d	h a ʊ z d	z ɪ p ɹ̩ d	1	1	reg_d	reg_d	reg_d
majority	h ɑː p	h ɑː p t	h ɑː p t	s t ɹ̩	s t ɹ̩ d	s t ɹ̩ d	h ɑː p d	0	0	reg_t	reg_t	reg_d
majority	k æ r iː	k æ r iː d	k æ r iː d	r ɛ k ə ɡ n a ɪ z	r ɛ k ə ɡ n a ɪ z d	r ɛ k ə ɡ n a ɪ z d	k æ r iː d	1	1	reg_d	reg_d	reg_d
majority	r ɪ t ɹ̩ n	r ɪ t ɹ̩ n d	r ɪ t ɹ̩ n d	r ɪ t a ɪ ɹ̩	r ɪ t a ɪ ɹ̩ d	r ɪ t a ɪ ɹ̩ d	r ɪ t ɹ̩ n d	1	1	reg_d	reg_d	reg_d
majority	f iː d	f ɛ d	f iː d ə d	r ɛ k ə ɡ n a ɪ z	r ɛ k ə ɡ n a ɪ z d	r ɛ k ə ɡ n a ɪ z d	f iː d d	0	0	vowel_change	reg_əd	reg_d
majority	ɡ ɑː b ə l	ɡ ɑː b ə l d	ɡ ɑː b ə l d	b ɔ ɪ l	b ɔ ɪ l d	b ɔ ɪ l d	ɡ ɑː b ə l d	1	1	reg_d	reg_d	reg_d
majority	o ʊ p ə n	o ʊ p ə n d	o ʊ p ə n d	s k r uː	s k r uː d	s k r uː d	o ʊ p ə n d	1	1	reg_d	reg_d	reg_d
majority	h o ʊ l d	h ɛ l d	h o ʊ l d ə d	ɪ m æ d͡ʒ ə n	ɪ m æ d͡ʒ ə n d	ɪ m æ d͡ʒ ə n d	h o ʊ l d d	0	0	vowel_change	reg_əd	reg_d
majority	d ɪ l ɪ v ɹ̩	d ɪ l ɪ v ɹ̩ d	d ɪ l ɪ v ɹ̩ d	k ɛ r	k ɛ r d	k ɛ r d	d ɪ l ɪ v ɹ̩ d	1	1	reg_d	reg_d	reg_d
majority	r ʌ b	r ʌ b d	r æ b d	k r iː m	k r iː m d	k r iː m d	r ʌ b d	0	1	reg_d	vowel_change_suffix	reg_d
majority	w ɑː t͡ʃ	w ɑː t͡ʃ t	w ɑː t͡ʃ t	l ɹ̩ n	l ɹ̩ n d	l ɹ̩ n d	w ɑː t͡ʃ d	0	0	reg_t	reg_t	reg_d
majority	p l iː z	p l iː z d	p l iː z d	m ɛ r iː	m ɛ r iː d	m ɛ r iː d	p l iː z d	1	1	reg_d	reg_d	reg_d
majority	w ɔ k	w ɔ k t	w ɔ k t	t ɹ̩ n	t ɹ̩ n d	t ɹ̩ n d	w ɔ k d	0	0	reg_t	reg_t	reg_d
majority	p æ k	p æ k t	p æ k t	t ɛ l	t ɛ l d	t o ʊ l d	p æ k d	0	0	reg_t	reg_t	reg_d
majority	s a ʊ n d	s a ʊ n d ə d	s a ʊ n d	b a ɪ s ɪ k ə l	b a ɪ s ɪ k ə l d	b a ɪ s ɪ k ə l d	s a ʊ n d d	0	0	reg_əd	no_change	reg_d
majority	ɡ r æ b	ɡ r æ b d	ɡ r æ b b	h ɛ d k w ɔ r t ɹ̩	h ɛ d k w ɔ r t ɹ̩ d	h ɛ d k w ɔ r t ɹ̩ d	ɡ r æ b d	0	1	reg_d	other	reg_d
majority	m æ n	m æ n d	m æ n	b ɔ l	b ɔ l d	b ɔ l d	m æ n d	0	1	reg_d	no_change	reg_d
majority	f iː l	f ɛ l t	f iː l d	t ɹ̩ n	t ɹ̩ n d	t ɹ̩ n d	f iː l d	1	0	vowel_change_suffix	reg_d	reg_d
majority	n e ɪ m	n e ɪ m d	n e ɪ m d	b ə l uː n	b ə l uː n d	b ə l uː n d	n e ɪ m d	1	1	reg_d	reg_d	reg_d
majority	f l o ʊ	f l o ʊ d	f l uː	m æ t ɹ̩	m æ t ɹ̩ d	m æ t ɹ̩ d	f l o ʊ d	0	1	reg_d	vowel_change	reg_d
majority	w ɛ ð ɹ̩	w ɛ ð ɹ̩ d	w ɛ ð ɹ̩ d	s k ɛ r	s k ɛ r d	s k ɛ r d	w ɛ ð ɹ̩ d	1	1	reg_d	reg_d	reg_d
majority	l a ɪ	l e ɪ	l a ɪ d	s m uː ð	s m uː ð d	s m uː ð d	l a ɪ d	1	0	vowel_change	reg_d	reg_d
majority	k r æ ʃ	k r æ ʃ t	k r æ ʃ t	k uː l	k uː l d	k uː l d	k r æ ʃ d	0	0	reg_t	reg_t	reg_d
majority	p e ɪ d͡ʒ	p e ɪ d͡ʒ d	p e ɪ d͡ʒ d	d ɪ s ɡ a ɪ z	d ɪ s ɡ a ɪ z d	d ɪ s ɡ a ɪ z d	p e ɪ d͡ʒ d	1	1	reg_d	reg_d	reg_d
majority	t͡ʃ o ʊ k	t͡ʃ o ʊ k t	t͡ʃ o ʊ k t	s ɹ̩ v	s ɹ̩ v d	s ɹ̩ v d	t͡ʃ o ʊ k d	0	0	reg_t	reg_t	reg_d
majority	b l ɛ s	b l ɛ s t	b l ɛ s t	ɑː r ɡ j uː	ɑː r ɡ j uː d	ɑː r ɡ j uː d	b l ɛ s d	0	0	reg_t	reg_t	reg_d
majority	d ɪ ŋ	d ɪ ŋ d	d ʌ ŋ	t æ k ə l	t æ k ə l d	t æ k ə l d	d ɪ ŋ d	0	1	reg_d	vowel_change	reg_d
majority	s ɛ l	s o ʊ l d	s ɛ l d	t ɪ k ə l	t ɪ k ə l d	t ɪ k ə l d	s ɛ l d	1	0	vowel_change_suffix	reg_d	reg_d
majority	b ɪ ɡ ɪ n	b ɪ ɡ æ n	b ɪ ɡ ɪ n d	s o ʊ	s o ʊ d	s o ʊ d	b ɪ ɡ ɪ n d	1	0	vowel_change	reg_d	reg_d
majority	d͡ʒ ɔ ɪ n	d͡ʒ ɔ ɪ n d	d͡ʒ ɔ ɪ n d	s a ɪ z	s a ɪ z d	s a ɪ z d	d͡ʒ ɔ ɪ n d	1	1	reg_d	reg_d	reg_d
majority	l ɑː k	l ɑː k t	l ɑː k t	w ɪ l	w ɪ l d	w ɪ l d	l ɑː k d	0	0	reg_t	reg_t	reg_d
majority	b ɪ l iː v	b ɪ l iː v d	b ɪ l iː b v d	ɪ k s k j uː z	ɪ k s k j uː z d	ɪ k s k j uː z d	b ɪ l iː v d	0	1	reg_d	coda_change	reg_d
majority	ə n d ɹ̩ s t æ n d	ə n d ɹ̩ s t ʊ d	ə s t ə d ə d	t e ɪ b ə l	t e ɪ b ə l d	t e ɪ b ə l d	ə n d ɹ̩ s t æ n d d	0	0	rhyme_replaced	other	reg_d
majority	t r e ɪ n	t r e ɪ n d	t r e ɪ n d	f l a ʊ ɹ̩	f l a ʊ ɹ̩ d	f l a ʊ ɹ̩ d	t r e ɪ n d	1	1	reg_d	reg_d	reg_d
majority	k r ɔ l	k r ɔ l d	k r ɔ l d	l a ɪ v	l a ɪ v d	l a ɪ v d	k r ɔ l d	1	1	reg_d	reg_d	reg_d
majority	p æ t	p æ t ə d	p æ t	s m uː ð	s m uː ð d	s m uː ð d	p æ t d	0	0	reg_əd	no_change	reg_d
majority	ɔ r d ɹ̩	ɔ r d ɹ̩ d	ɔ r d ɹ̩ d	ə p iː r	ə p iː r d	ə p iː r d	ɔ r d ɹ̩ d	1	1	reg_d	reg_d	reg_d
majority	f l a ɪ	f l uː	f l a ɪ d	s t ɪ l	s t ɪ l d	s t ɪ l d	f l a ɪ d	1	0	vowel_change	reg_d	reg_d
majority	l o ʊ d	l o ʊ d ə d	l o ʊ d	f ɹ̩ ð ɹ̩	f ɹ̩ ð ɹ̩ d	f ɹ̩ ð ɹ̩ d	l o ʊ d d	0	0	reg_əd	no_change	reg_d
majority	k ə m p l e ɪ n	k ə m p l e ɪ n d	k ə n t ə n d	ʃ e ɪ v	ʃ e ɪ v d	ʃ e ɪ v d	k ə m p l e ɪ n d	0	1	reg_d	other	reg_d
majority	b l ɛ n d	b l ɛ n d ə d	b l ɛ n d ə d	b ɑː r o ʊ	b ɑː r o ʊ d	b ɑː r o ʊ d	b l ɛ n d d	0	0	reg_əd	reg_əd	reg_d
majority	b l ɑː k	b l ɑː k t	b l ɑː k t	a ɪ	a ɪ d	a ɪ d	b l ɑː k d	0	0	reg_t	reg_t	reg_d
majority	t ɪ p	t ɪ p t	t ɪ p t	d r iː m	d r iː m d	d r iː m d	t ɪ p d	0	0	reg_t	reg_t	reg_d
majority	d͡ʒ ɛ t	d͡ʒ ɛ t ə d	d͡ʒ ɛ t	s k w iː z	s k w iː z d	s k w iː z d	d͡ʒ ɛ t d	0	0	reg_əd	no_change	reg_d
majority	b r iː ð	b r iː ð d	b r iː ð d	d a ɪ n	d a ɪ n d	d a ɪ n d	b r iː ð d	1	1	reg_d	reg_d	reg_d
majority	d a ɪ ə l	d a ɪ ə l d	d a ɪ d ə l d	ɑː r m	ɑː r m d	ɑː r m d	d a ɪ ə l d	0	1	reg_d	other	reg_d
majority	m ɛ n ʃ ə n	m ɛ n ʃ ə n d	m ʃ t ə n t ə d	b ɔ r	b ɔ r d	b ɔ r d	m ɛ n ʃ ə n d	0	1	reg_d	other	reg_d
majority	h ʌ ɡ	h ʌ ɡ d	h ʌ ɡ d	j ɔ n	j ɔ n d	j ɔ n d	h ʌ ɡ d	1	1	reg_d	reg_d	reg_d
majority	p a ʊ ɹ̩	p a ʊ ɹ̩ d	p a ʊ ɹ̩ d	ɪ k s k j uː z	ɪ k s k j uː z d	ɪ k s k j uː z d	p a ʊ ɹ̩ d	1	1	reg_d	reg_d	reg_d
majority	s ɑː k	s ɑː k t	s ɑː k t	r ɪ m ɛ m b ɹ̩	r ɪ m ɛ m b ɹ̩ d	r ɪ m ɛ m b ɹ̩ d	s ɑː k d	0	0	reg_t	reg_t	reg_d
majority	w uː p	w uː p t	w uː p t	s k ɪ m	s k ɪ m d	s k ɪ m d	w uː p d	0	0	reg_t	reg_t	reg_d
majority	r iː m a ɪ n d	r iː m a ɪ n d ə d	r iː m a ɪ n d ə d	t ɔ ɪ	t ɔ ɪ d	t ɔ ɪ d	r iː m a ɪ n d d	0	0	reg_əd	reg_əd	reg_d
majority	h æ n d ə l	h æ n d ə l d	h n d ə n t ə l d	h ɑː l ɹ̩	h ɑː l ɹ̩ d	h ɑː l ɹ̩ d	h æ n d ə l d	0	1	reg_d	other	reg_d
majority	s n iː z	s n iː z d	s n d	l uː z	l uː z d	l ɔ s t	s n iː z d	0	1	reg_d	other	reg_d
majority	v ɪ z ɪ t	v ɪ z ɪ t ə d	v ɪ z ɪ t ə d	b ʌ b ə l	b ʌ b ə l d	b ʌ b ə l d	v ɪ z ɪ t d	0	0	reg_əd	reg_əd	reg_d
majority	s l a ɪ d	s l ɪ d	s l a ɪ d	d ɪ s ɡ a ɪ z	d ɪ s ɡ a ɪ z d	d ɪ s ɡ a ɪ z d	s l a ɪ d d	0	0	vowel_change	no_change	reg_d
majority	p l æ n	p l æ n d	p l æ n d	m a ʊ ð	m a ʊ ð d	m a ʊ ð d	p l æ n d	1	1	reg_d	reg_d	reg_d
majority	ɛ l b o ʊ	ɛ l b o ʊ d	ɛ l o ʊ d	p ʊ l	p ʊ l d	p ʊ l d	ɛ l b o ʊ d	0	1	reg_d	other	reg_d
majority	b ɑː k s	b ɑː k s t	b ɑː k s t	s a ɪ z	s a ɪ z d	s a ɪ z d	b ɑː k s d	0	0	reg_t	reg_t	reg_d
majority	ɪ n k l uː d	ɪ n k l uː d ə d	ɪ n d ɪ n d ə d	s t ɪ l	s t ɪ l d	s t ɪ l d	ɪ n k l uː d d	0	0	reg_əd	other	reg_d
majority	b ɹ̩ n	b ɹ̩ n d	b ɹ̩ n d	s ɛ n t ɹ̩	s ɛ n t ɹ̩ d	s ɛ n t ɹ̩ d	b ɹ̩ n d	1	1	reg_d	reg_d	reg_d
majority	ʃ e ɪ p	ʃ e ɪ p t	ʃ e ɪ p t	k uː l	k uː l d	k uː l d	ʃ e ɪ p d	0	0	reg_t	reg_t	reg_d
majority	b o ʊ n	b o ʊ n d	b o ʊ n d	k r iː m	k r iː m d	k r iː m d	b o ʊ n d	1	1	reg_d	reg_d	reg_d
majority	f ɪ l	f ɪ l d	f ɪ l d	s a ɪ z	s a ɪ z d	s a ɪ z d	f ɪ l d	1	1	reg_d	reg_d	reg_d
majority	m æ s k	m æ s k t	m æ s k t	w ɑː f ə l	w ɑː f ə l d	w ɑː f ə l d	m æ s k d	0	0	reg_t	reg_t	reg_d
majority	s ɛ l ə b r e ɪ t	s ɛ l ə b r e ɪ t ə d	s t r ə d ə d ə d	t o ʊ	t o ʊ d	t o ʊ d	s ɛ l ə b r e ɪ t d	0	0	reg_əd	other	reg_d
majority	k r ʌ m b ə l	k r ʌ m b ə l d	k t r ɛ l ə l d	ɑː r ɡ j uː	ɑː r ɡ j uː d	ɑː r ɡ j uː d	k r ʌ m b ə l d	0	1	reg_d	other	reg_d
majority	r ɑː k	r ɑː k t	r ɑː k t	ɪ k s k j uː z	ɪ k s k j uː z d	ɪ k s k j uː z d	r ɑː k d	0	0	reg_t	reg_t	reg_d
majority	ɡ ɛ r ə n t iː	ɡ ɛ r ə n t iː d	ɡ ə n t ə n t ə d	f ɪ ŋ ɡ ɹ̩	f ɪ ŋ ɡ ɹ̩ d	f ɪ ŋ ɡ ɹ̩ d	ɡ ɛ r ə n t iː d	0	1	reg_d	other	reg_d
majority	k ə n ɛ k t	k ə n ɛ k t ə d	k ə n t ə d	f o ʊ n	f o ʊ n d	f o ʊ n d	k ə n ɛ k t d	0	0	reg_əd	other	reg_d
majority	t ɔ s	t ɔ s t	t ɔ s t	s k ɪ m	s k ɪ m d	s k ɪ m d	t ɔ s d	0	0	reg_t	reg_t	reg_d
majority	iː v ɪ n	iː v ɪ n d	iː v d	k ə n t r o ʊ l	k ə n t r o ʊ l d	k ə n t r o ʊ l d	iː v ɪ n d	0	1	reg_d	other	reg_d
majority	b a ʊ n s	b a ʊ n s t	b a ʊ n s t	d a ɪ n	d a ɪ n d	d a ɪ n d	b a ʊ n s d	0	0	reg_t	reg_t	reg_d
majority	ɹ̩ n	ɹ̩ n d	ɹ̩ d ɹ̩ n d ɹ̩ d ɹ̩ d	m a ʊ ð	m a ʊ ð d	m a ʊ ð d	ɹ̩ n d	0	1	reg_d	other	reg_d
majority	k l a ʊ d	k l a ʊ d ə d	k l a ʊ d	w ɑː n d ɹ̩	w ɑː n d ɹ̩ d	w ɑː n d ɹ̩ d	k l a ʊ d d	0	0	reg_əd	no_change	reg_d
majority	k ʌ p ə l	k ʌ p ə l d	k ʌ p ə l d	a ɪ	a ɪ d	a ɪ d	k ʌ p ə l d	1	1	reg_d	reg_d	reg_d
majority	f l ʌ ʃ	f l ʌ ʃ t	f l ʌ ʃ t	w ɑː n d ɹ̩	w ɑː n d ɹ̩ d	w ɑː n d ɹ̩ d	f l ʌ ʃ d	0	0	reg_t	reg_t	reg_d
majority	h ɑː r n ə s	h ɑː r n ə s t	h r æ n t ə s t ə d	k ɔ l	k ɔ l d	k ɔ l d	h ɑː r n ə s d	0	0	reg_t	other	reg_d
majority	b r a ʊ n	b r a ʊ n d	b r a ʊ n d	s m uː ð	s m uː ð d	s m uː ð d	b r a ʊ n d	1	1	reg_d	reg_d	reg_d
majority	s t ɪ ŋ k	s t ʌ ŋ k	s t ʊ k t ə d	t ɪ k ə l	t ɪ k ə l d	t ɪ k ə l d	s t ɪ ŋ k d	0	0	vowel_change	other	reg_d
majority	r iː f r ɛ ʃ	r iː f r ɛ ʃ t	r iː r ɛ ɛ f ɔ t ə d	f ɑː r m	f ɑː r m d	f ɑː r m d	r iː f r ɛ ʃ d	0	0	reg_t	other	reg_d
majority	p r ə f ɹ̩	p r ə f ɹ̩ d	p r ə r ə d	b ɪ l ɔ ŋ	b ɪ l ɔ ŋ d	b ɪ l ɔ ŋ d	p r ə f ɹ̩ d	0	1	reg_d	other	reg_d
majority	s t iː l	s t o ʊ l	s t iː l d	t a ɪ	t a ɪ d	t a ɪ d	s t iː l d	1	0	vowel_change	reg_d	reg_d
majority	b æ n d	b æ n d ə d	b æ n t	l ʌ v	l ʌ v d	l ʌ v d	b æ n d d	0	0	reg_əd	coda_change	reg_d
majority	r ɪ d	r ɪ d	r ɪ d	w ʌ n d ɹ̩	w ʌ n d ɹ̩ d	w ʌ n d ɹ̩ d	r ɪ d d	0	0	no_change	no_change	reg_d
majority	k o ʊ ɑː p ɹ̩ e ɪ t	k o ʊ ɑː p ɹ̩ e ɪ t ə d	k t	j uː z	j uː z d	j uː z d	k o ʊ ɑː p ɹ̩ e ɪ t d	0	0	reg_əd	other	reg_d
majority	b ɑː ð ɹ̩	b ɑː ð ɹ̩ d	b ɑː ð ɹ̩ d	r ɪ m ɛ m b ɹ̩	r ɪ m ɛ m b ɹ̩ d	r ɪ m ɛ m b ɹ̩ d	b ɑː ð ɹ̩ d	1	1	reg_d	reg_d	reg_d
majority	r ɛ s t	r ɛ s t ə d	r ɛ s t	s ɛ n t ɹ̩	s ɛ n t ɹ̩ d	s ɛ n t ɹ̩ d	r ɛ s t d	0	0	reg_əd	no_change	reg_d
majority	ɑː k j ə p a ɪ	ɑː k j ə p a ɪ d	ɑː j p t	t r e ɪ l	t r e ɪ l d	t r e ɪ l d	ɑː k j ə p a ɪ d	0	1	reg_d	other	reg_d
random	ɡ ɛ t	ɡ ɑː t	ɡ ɛ t	z ɪ p	z ɪ p t	z ɪ p t	ɡ ɛ t t	0	0	vowel_change	no_change	reg_t
random	p ʊ t	p ʊ t	p ʊ t	s k r uː	s k r uː d	s k r uː d	p ʊ t d	0	0	no_change	no_change	reg_d
random	ɡ o ʊ	w ɛ n t	ɡ uː	w ɪ ʃ	w ɪ ʃ t	w ɪ ʃ t	ɡ o ʊ t	0	0	other	vowel_change	reg_t
random	iː t	e ɪ t	iː d iː d	s k æ l ə p	s k æ l ə p t	s k æ l ə p t	iː t t	0	0	vowel_change	other	reg_t
random	w ɔ n t	w ɔ n t ə d	w ɔ n t ə d	t e ɪ s t	t e ɪ s t ə d	t e ɪ s t ə d	w ɔ n t ə d	1	1	reg_əd	reg_əd	reg_əd
random	n ɑː k	n ɑː k t	n ɑː k t	æ n s ɹ̩	æ n s ɹ̩ d	æ n s ɹ̩ d	n ɑː k d	0	0	reg_t	reg_t	reg_d
random	l ɪ s ə n	l ɪ s ə n d	l ɪ s ə n d	ʃ uː t	ʃ ɑː t	ʃ ɑː t	NA	0	0	reg_d	reg_d	vowel_change
random	p ʌ f	p ʌ f t	p ʌ f t	s t ɪ l	s t ɪ l d	s t ɪ l d	p ʌ f d	0	0	reg_t	reg_t	reg_d
random	h o ʊ p	h o ʊ p t	h o ʊ p t	w ɪ s p ɹ̩	w ɪ s p ɹ̩ d	w ɪ s p ɹ̩ d	h o ʊ p d	0	0	reg_t	reg_t	reg_d
random	n iː d	n iː d ə d	n ɛ d ə d	ə r ɛ s t	ə r ɛ s t ə d	ə r ɛ s t ə d	n iː d ə d	0	1	reg_əd	other	reg_əd
random	k æ t͡ʃ	k ɔ t	k æ t͡ʃ t	r ɪ t a ɪ ɹ̩	r ɪ t a ɪ ɹ̩ d	r ɪ t a ɪ ɹ̩ d	k æ t͡ʃ d	0	0	rhyme_replaced	reg_t	reg_d
random	z ɪ p ɹ̩	z ɪ p ɹ̩ d	z ɪ p ɹ̩ d	d a ʊ n	d a ʊ n d	d a ʊ n d	z ɪ p ɹ̩ d	1	1	reg_d	reg_d	reg_d
random	h ɑː p	h ɑː p t	h ɑː p t	l ɹ̩ n	l ɹ̩ n d	l ɹ̩ n d	h ɑː p d	0	0	reg_t	reg_t	reg_d
random	k æ r iː	k æ r iː d	k æ r iː d	s e ɪ l	s e ɪ l d	s e ɪ l d	k æ r iː d	1	1	reg_d	reg_d	reg_d
random	r ɪ t ɹ̩ n	r ɪ t ɹ̩ n d	r ɪ t ɹ̩ n d	s t æ k	s t æ k t	s t æ k t	r ɪ t ɹ̩ n t	0	0	reg_d	reg_d	reg_t
random	f iː d	f ɛ d	f iː d ə d	s iː k	s iː k t	s ɔ t	f iː d t	0	0	vowel_change	reg_əd	reg_t
random	ɡ ɑː b ə l	ɡ ɑː b ə l d	ɡ ɑː b ə l d	s t æ k	s t æ k t	s t æ k t	ɡ ɑː b ə l t	0	0	reg_d	reg_d	reg_t
random	o ʊ p ə n	o ʊ p ə n d	o ʊ p ə n d	d r æ ɡ	d r æ ɡ d	d r æ ɡ d	o ʊ p ə n d	1	1	reg_d	reg_d	reg_d
random	h o ʊ l d	h ɛ l d	h o ʊ l d ə d	θ r o ʊ	θ r uː	θ r uː	NA	0	0	vowel_change	reg_əd	vowel_change
random	d ɪ l ɪ v ɹ̩	d ɪ l ɪ v ɹ̩ d	d ɪ l ɪ v ɹ̩ d	d ɪ z ɹ̩ v	d ɪ z ɹ̩ v d	d ɪ z ɹ̩ v d	d ɪ l ɪ v ɹ̩ d	1	1	reg_d	reg_d	reg_d
random	r ʌ b	r ʌ b d	r æ b d	r ʌ n	r æ n	r æ n	NA	0	0	reg_d	vowel_change_suffix	vowel_change
random	w ɑː t͡ʃ	w ɑː t͡ʃ t	w ɑː t͡ʃ t	ɑː r ɡ j uː	ɑː r ɡ j uː d	ɑː r ɡ j uː d	w ɑː t͡ʃ d	0	0	reg_t	reg_t	reg_d
random	p l iː z	p l iː z d	p l iː z d	s t r ɪ p	s t r ɪ p t	s t r ɪ p t	p l iː z t	0	0	reg_d	reg_d	reg_t
random	w ɔ k	w ɔ k t	w ɔ k t	l ɛ n d	l ɛ n t	l ɛ n t	NA	0	0	reg_t	reg_t	coda_change
random	p æ k	p æ k t	p æ k t	b ɔ ɪ l	b ɔ ɪ l d	b ɔ ɪ l d	p æ k d	0	0	reg_t	reg_t	reg_d
random	s a ʊ n d	s a ʊ n d ə d	s a ʊ n d	d͡ʒ ʌ m p	d͡ʒ ʌ m p t	d͡ʒ ʌ m p t	s a ʊ n d t	0	0	reg_əd	no_change	reg_t
random	ɡ r æ b	ɡ r æ b d	ɡ r æ b b	b r ɪ ŋ	b r ɔ t	b r ɔ t	NA	0	0	reg_d	other	rhyme_replaced
random	m æ n	m æ n d	m æ n	m æ ʃ	m æ ʃ t	m æ ʃ t	m æ n t	0	0	reg_d	no_change	reg_t
random	f iː l	f ɛ l t	f iː l d	æ s k	æ s k t	æ s k t	f iː l t	0	0	vowel_change_suffix	reg_d	reg_t
random	n e ɪ m	n e ɪ m d	n e ɪ m d	k ɹ̩ ɛ k t	k ɹ̩ ɛ k t ə d	k ɹ̩ ɛ k t ə d	n e ɪ m ə d	0	0	reg_d	reg_d	reg_əd
random	f l o ʊ	f l o ʊ d	f l uː	m j uː t	m j uː t ə d	m j uː t ə d	f l o ʊ ə d	0	0	reg_d	vowel_change	reg_əd
random	w ɛ ð ɹ̩	w ɛ ð ɹ̩ d	w ɛ ð ɹ̩ d	r ə f ɹ̩	r ə f ɹ̩ d	r ə f ɹ̩ d	w ɛ ð ɹ̩ d	1	1	reg_d	reg_d	reg_d
random	l a ɪ	l e ɪ	l a ɪ d	s ɛ p ɹ̩ e ɪ t	s ɛ p ɹ̩ e ɪ t ə d	s ɛ p ɹ̩ e ɪ t ə d	l a ɪ ə d	0	0	vowel_change	reg_d	reg_əd
random	k r æ ʃ	k r æ ʃ t	k r æ ʃ t	k ɪ s	k ɪ s t	k ɪ s t	k r æ ʃ t	1	1	reg_t	reg_t	reg_t
random	p e ɪ d͡ʒ	p e ɪ d͡ʒ d	p e ɪ d͡ʒ d	b æ ŋ	b æ ŋ d	b æ ŋ d	p e ɪ d͡ʒ d	1	1	reg_d	reg_d	reg_d
random	t͡ʃ o ʊ k	t͡ʃ o ʊ k t	t͡ʃ o ʊ k t	m æ t͡ʃ	m æ t͡ʃ t	m æ t͡ʃ t	t͡ʃ o ʊ k t	1	1	reg_t	reg_t	reg_t
random	b l ɛ s	b l ɛ s t	b l ɛ s t	d a ɪ n	d a ɪ n d	d a ɪ n d	b l ɛ s d	0	0	reg_t	reg_t	reg_d
random	d ɪ ŋ	d ɪ ŋ d	d ʌ ŋ	s t ɹ̩	s t ɹ̩ d	s t ɹ̩ d	d ɪ ŋ d	0	1	reg_d	vowel_change	reg_d
random	s ɛ l	s o ʊ l d	s ɛ l d	s ɛ n t ɹ̩	s ɛ n t ɹ̩ d	s ɛ n t ɹ̩ d	s ɛ l d	1	0	vowel_change_suffix	reg_d	reg_d
random	b ɪ ɡ ɪ n	b ɪ ɡ æ n	b ɪ ɡ ɪ n d	s l iː p	s l ɛ p t	s l ɛ p t	NA	0	0	vowel_change	reg_d	vowel_change_suffix
random	d͡ʒ ɔ ɪ n	d͡ʒ ɔ ɪ n d	d͡ʒ ɔ ɪ n d	s p ɛ n d	s p ɛ n t	s p ɛ n t	NA	0	0	reg_d	reg_d	coda_change
random	l ɑː k	l ɑː k t	l ɑː k t	ə r ɛ s t	ə r ɛ s t ə d	ə r ɛ s t ə d	l ɑː k ə d	0	0	reg_t	reg_t	reg_əd
random	b ɪ l iː v	b ɪ l iː v d	b ɪ l iː b v d	a ɪ s	a ɪ s t	a ɪ s t	b ɪ l iː v t	0	0	reg_d	coda_change	reg_t
random	ə n d ɹ̩ s t æ n d	ə n d ɹ̩ s t ʊ d	ə s t ə d ə d	ɛ n d͡ʒ ɔ ɪ	ɛ n d͡ʒ ɔ ɪ d	ɛ n d͡ʒ ɔ ɪ d	ə n d ɹ̩ s t æ n d d	0	0	rhyme_replaced	other	reg_d
random	t r e ɪ n	t r e ɪ n d	t r e ɪ n d	t͡ʃ ɛ k	t͡ʃ ɛ k t	t͡ʃ ɛ k t	t r e ɪ n t	0	0	reg_d	reg_d	reg_t
random	k r ɔ l	k r ɔ l d	k r ɔ l d	k ʌ l ɹ̩	k ʌ l ɹ̩ d	k ʌ l ɹ̩ d	k r ɔ l d	1	1	reg_d	reg_d	reg_d
random	p æ t	p æ t ə d	p æ t	ʃ a ʊ ɹ̩	ʃ a ʊ ɹ̩ d	ʃ a ʊ ɹ̩ d	p æ t d	0	0	reg_əd	no_change	reg_d
random	ɔ r d ɹ̩	ɔ r d ɹ̩ d	ɔ r d ɹ̩ d	ɡ ɪ v	ɡ e ɪ v	ɡ e ɪ v	NA	0	0	reg_d	reg_d	vowel_change
random	f l a ɪ	f l uː	f l a ɪ d	l ʊ k	l ʊ k t	l ʊ k t	f l a ɪ t	0	0	vowel_change	reg_d	reg_t
random	l o ʊ d	l o ʊ d ə d	l o ʊ d	o ʊ	o ʊ d	o ʊ d	l o ʊ d d	0	0	reg_əd	no_change	reg_d
random	k ə m p l e ɪ n	k ə m p l e ɪ n d	k ə n t ə n d	ɪ m b ɛ r ə s	ɪ m b ɛ r ə s t	ɪ m b ɛ r ə s t	k ə m p l e ɪ n t	0	0	reg_d	other	reg_t
random	b l ɛ n d	b l ɛ n d ə d	b l ɛ n d ə d	ɪ s k e ɪ p	ɪ s k e ɪ p t	ɪ s k e ɪ p t	b l ɛ n d t	0	0	reg_əd	reg_əd	reg_t
random	b l ɑː k	b l ɑː k t	b l ɑː k t	b ɔ l	b ɔ l d	b ɔ l d	b l ɑː k d	0	0	reg_t	reg_t	reg_d
random	t ɪ p	t ɪ p t	t ɪ p t	ɔ f ɹ̩	ɔ f ɹ̩ d	ɔ f ɹ̩ d	t ɪ p d	0	0	reg_t	reg_t	reg_d
random	d͡ʒ ɛ t	d͡ʒ ɛ t ə d	d͡ʒ ɛ t	d uː	d ɪ d	d ɪ d	NA	0	0	reg_əd	no_change	vowel_change_suffix
random	b r iː ð	b r iː ð d	b r iː ð d	w a ɪ n d	w a ɪ n d ə d	w a ɪ n d ə d	b r iː ð ə d	0	0	reg_d	reg_d	reg_əd
random	d a ɪ ə l	d a ɪ ə l d	d a ɪ d ə l d	t e ɪ b ə l	t e ɪ b ə l d	t e ɪ b ə l d	d a ɪ ə l d	0	1	reg_d	other	reg_d
random	m ɛ n ʃ ə n	m ɛ n ʃ ə n d	m ʃ t ə n t ə d	r ɪ p	r ɪ p t	r ɪ p t	m ɛ n ʃ ə n t	0	0	reg_d	other	reg_t
random	h ʌ ɡ	h ʌ ɡ d	h ʌ ɡ d	ʃ ʌ t	ʃ ʌ t	ʃ ʌ t	h ʌ ɡ	0	0	reg_d	reg_d	no_change
random	p a ʊ ɹ̩	p a ʊ ɹ̩ d	p a ʊ ɹ̩ d	m æ ʃ	m æ ʃ t	m æ ʃ t	p a ʊ ɹ̩ t	0	0	reg_d	reg_d	reg_t
random	s ɑː k	s ɑː k t	s ɑː k t	s ʌ k	s ʌ k t	s ʌ k t	s ɑː k t	1	1	reg_t	reg_t	reg_t
random	w uː p	w uː p t	w uː p t	p iː k	p iː k t	p iː k t	w uː p t	1	1	reg_t	reg_t	reg_t
random	r iː m a ɪ n d	r iː m a ɪ n d ə d	r iː m a ɪ n d ə d	h a ɪ d	h ɪ d	h ɪ d	NA	0	0	reg_əd	reg_əd	vowel_change
random	h æ n d ə l	h æ n d ə l d	h n d ə n t ə l d	h ɛ l p	h ɛ l p t	h ɛ l p t	h æ n d ə l t	0	0	reg_d	other	reg_t
random	s n iː z	s n iː z d	s n d	h ɛ d k w ɔ r t ɹ̩	h ɛ d k w ɔ r t ɹ̩ d	h ɛ d k w ɔ r t ɹ̩ d	s n iː z d	0	1	reg_d	other	reg_d
random	v ɪ z ɪ t	v ɪ z ɪ t ə d	v ɪ z ɪ t ə d	b ɪ l d	b ɪ l t	b ɪ l t	NA	0	0	reg_əd	reg_əd	coda_change
random	s l a ɪ d	s l ɪ d	s l a ɪ d	p ɑː p	p ɑː p t	p ɑː p t	s l a ɪ d t	0	0	vowel_change	no_change	reg_t
random	p l æ n	p l æ n d	p l æ n d	b ɛ t	b ɛ t	b ɛ t	p l æ n	0	0	reg_d	reg_d	no_change
random	ɛ l b o ʊ	ɛ l b o ʊ d	ɛ l o ʊ d	t͡ʃ e ɪ s	t͡ʃ e ɪ s t	t͡ʃ e ɪ s t	ɛ l b o ʊ t	0	0	reg_d	other	reg_t
random	b ɑː k s	b ɑː k s t	b ɑː k s t	r æ t ə l	r æ t ə l d	r æ t ə l d	b ɑː k s d	0	0	reg_t	reg_t	reg_d
random	ɪ n k l uː d	ɪ n k l uː d ə d	ɪ n d ɪ n d ə d	r a ɪ d	r o ʊ d	r o ʊ d	NA	0	0	reg_əd	other	vowel_change
random	b ɹ̩ n	b ɹ̩ n d	b ɹ̩ n d	k ʊ k	k ʊ k t	k ʊ k t	b ɹ̩ n t	0	0	reg_d	reg_d	reg_t
random	ʃ e ɪ p	ʃ e ɪ p t	ʃ e ɪ p t	ɛ n d	ɛ n d ə d	ɛ n d ə d	ʃ e ɪ p ə d	0	0	reg_t	reg_t	reg_əd
random	b o ʊ n	b o ʊ n d	b o ʊ n d	b uː t	b uː t ə d	b uː t ə d	b o ʊ n ə d	0	0	reg_d	reg_d	reg_əd
random	f ɪ l	f ɪ l d	f ɪ l d	k l ɪ p	k l ɪ p t	k l ɪ p t	f ɪ l t	0	0	reg_d	reg_d	reg_t
random	m æ s k	m æ s k t	m æ s k t	p ʊ ʃ	p ʊ ʃ t	p ʊ ʃ t	m æ s k t	1	1	reg_t	reg_t	reg_t
random	s ɛ l ə b r e ɪ t	s ɛ l ə b r e ɪ t ə d	s t r ə d ə d ə d	s k w iː z	s k w iː z d	s k w iː z d	s ɛ l ə b r e ɪ t d	0	0	reg_əd	other	reg_d
random	k r ʌ m b ə l	k r ʌ m b ə l d	k t r ɛ l ə l d	s p ɛ n d	s p ɛ n t	s p ɛ n t	NA	0	0	reg_d	other	coda_change
random	r ɑː k	r ɑː k t	r ɑː k t	l e ɪ	l e ɪ d	l e ɪ d	r ɑː k d	0	0	reg_t	reg_t	reg_d
random	ɡ ɛ r ə n t iː	ɡ ɛ r ə n t iː d	ɡ ə n t ə n t ə d	s t r ɪ p	s t r ɪ p t	s t r ɪ p t	ɡ ɛ r ə n t iː t	0	0	reg_d	other	reg_t
random	k ə n ɛ k t	k ə n ɛ k t ə d	k ə n t ə d	k ɪ k	k ɪ k t	k ɪ k t	k ə n ɛ k t t	0	0	reg_əd	other	reg_t
random	t ɔ s	t ɔ s t	t ɔ s t	ʃ a ʊ ɹ̩	ʃ a ʊ ɹ̩ d	ʃ a ʊ ɹ̩ d	t ɔ s d	0	0	reg_t	reg_t	reg_d
random	iː v ɪ n	iː v ɪ n d	iː v d	r ɪ p	r ɪ p t	r ɪ p t	iː v ɪ n t	0	0	reg_d	other	reg_t
random	b a ʊ n s	b a ʊ n s t	b a ʊ n s t	t ʌ k	t ʌ k t	t ʌ k t	b a ʊ n s t	1	1	reg_t	reg_t	reg_t
random	ɹ̩ n	ɹ̩ n d	ɹ̩ d ɹ̩ n d ɹ̩ d ɹ̩ d	s l iː p	s l ɛ p t	s l ɛ p t	NA	0	0	reg_d	other	vowel_change_suffix
random	k l a ʊ d	k l a ʊ d ə d	k l a ʊ d	l ɛ n d	l ɛ n t	l ɛ n t	k l a ʊ t	0	0	reg_əd	no_change	coda_change
random	k ʌ p ə l	k ʌ p ə l d	k ʌ p ə l d	ʃ a ʊ ɹ̩	ʃ a ʊ ɹ̩ d	ʃ a ʊ ɹ̩ d	k ʌ p ə l d	1	1	reg_d	reg_d	reg_d
random	f l ʌ ʃ	f l ʌ ʃ t	f l ʌ ʃ t	h ɑː l ɹ̩	h ɑː l ɹ̩ d	h ɑː l ɹ̩ d	f l ʌ ʃ d	0	0	reg_t	reg_t	reg_d
random	h ɑː r n ə s	h ɑː r n ə s t	h r æ n t ə s t ə d	p ɪ k	p ɪ k t	p ɪ k t	h ɑː r n ə s t	0	1	reg_t	other	reg_t
random	b r a ʊ n	b r a ʊ n d	b r a ʊ n d	k ɑː p iː	k ɑː p iː d	k ɑː p iː d	b r a ʊ n d	1	1	reg_d	reg_d	reg_d
random	s t ɪ ŋ k	s t ʌ ŋ k	s t ʊ k t ə d	r a ɪ d	r o ʊ d	r o ʊ d	NA	0	0	vowel_change	other	vowel_change
random	r iː f r ɛ ʃ	r iː f r ɛ ʃ t	r iː r ɛ ɛ f ɔ t ə d	ɪ k s ɛ p t	ɪ k s ɛ p t ə d	ɪ k s ɛ p t ə d	r iː f r ɛ ʃ ə d	0	0	reg_t	other	reg_əd
random	p r ə f ɹ̩	p r ə f ɹ̩ d	p r ə r ə d	z ɪ p	z ɪ p t	z ɪ p t	p r ə f ɹ̩ t	0	0	reg_d	other	reg_t
random	s t iː l	s t o ʊ l	s t iː l d	ə t æ t͡ʃ	ə t æ t͡ʃ t	ə t æ t͡ʃ t	s t iː l t	0	0	vowel_change	reg_d	reg_t
random	b æ n d	b æ n d ə d	b æ n t	l ɪ k	l ɪ k t	l ɪ k t	b æ n d t	0	0	reg_əd	coda_change	reg_t
random	r ɪ d	r ɪ d	r ɪ d	t e ɪ p	t e ɪ p t	t e ɪ p t	r ɪ d t	0	0	no_change	no_change	reg_t
random	k o ʊ ɑː p ɹ̩ e ɪ t	k o ʊ ɑː p ɹ̩ e ɪ t ə d	k t	f ɔ l	f ɛ l	f ɛ l	NA	0	0	reg_əd	other	vowel_change
random	b ɑː ð ɹ̩	b ɑː ð ɹ̩ d	b ɑː ð ɹ̩ d	r ɪ ŋ	r æ ŋ	r æ ŋ	NA	0	0	reg_d	reg_d	vowel_change
random	r ɛ s t	r ɛ s t ə d	r ɛ s t	s t æ n d	s t ʊ d	s t ʊ d	NA	0	0	reg_əd	no_change	rhyme_replaced
random	ɑː k j ə p a ɪ	ɑː k j ə p a ɪ d	ɑː j p t	s t ɑː r t	s t ɑː r t ə d	s t ɑː r t ə d	ɑː k j ə p a ɪ ə d	0	0	reg_d	other	reg_əd
