epoch,step,train_loss,train_tok_acc,val_loss,val_tok_acc
0,2,,,3.4875664710998535,0.17674419283866882
0,2,3.757917881011963,0.06906719505786896,,
1,5,,,3.24615740776062,0.237209290266037
1,5,3.4449915885925293,0.18841399252414703,,
2,8,,,3.09812068939209,0.25581395626068115
2,8,3.224292755126953,0.23047903180122375,,
3,11,,,2.9874353408813477,0.26511627435684204
3,11,3.0829503536224365,0.24228248000144958,,
4,14,,,2.90487003326416,0.302325576543808
4,14,2.972867965698242,0.2586711049079895,,
5,17,,,2.845071792602539,0.3162790834903717
5,17,2.8915653228759766,0.28465574979782104,,
6,20,,,2.7835023403167725,0.3255814015865326
6,20,2.8119680881500244,0.304686576128006,,
7,23,,,2.720357656478882,0.34418603777885437
7,23,2.736767053604126,0.3157883286476135,,
8,26,,,2.660918712615967,0.34418603777885437
8,26,2.6586127281188965,0.3283371329307556,,
9,29,,,2.6066551208496094,0.3720930218696594
9,29,2.5881683826446533,0.3487301170825958,,
10,32,,,2.5553102493286133,0.38604649901390076
10,32,2.5185065269470215,0.3565400540828705,,
11,35,,,2.507166624069214,0.4046511650085449
11,35,2.451394557952881,0.38011810183525085,,
12,38,,,2.460332155227661,0.4232558310031891
12,38,2.3763363361358643,0.39813232421875,,
13,41,,,2.415006160736084,0.42790699005126953
13,41,2.3153769969940186,0.4176509976387024,,
14,44,,,2.3676018714904785,0.43255814909935
14,44,2.2355804443359375,0.423023521900177,,
15,47,,,2.319364309310913,0.43255814909935
15,47,2.202385663986206,0.4452415406703949,,
16,50,,,2.272862434387207,0.43255814909935
16,50,2.1088926792144775,0.4697566032409668,,
17,53,,,2.224452495574951,0.4372093081474304
17,53,2.0470731258392334,0.48928436636924744,,
18,56,,,2.172290802001953,0.46046510338783264
18,56,1.979127287864685,0.5002115368843079,,
19,59,,,2.1178760528564453,0.474418580532074
19,59,1.9130758047103882,0.5191494226455688,,
20,62,,,2.0605556964874268,0.474418580532074
20,62,1.8502483367919922,0.5359370112419128,,
21,65,,,2.005298614501953,0.49302324652671814
21,65,1.7685632705688477,0.5574272871017456,,
22,68,,,1.9443538188934326,0.525581419467926
22,68,1.69070303440094,0.5700665712356567,,
23,71,,,1.8822864294052124,0.539534866809845
23,71,1.6354923248291016,0.585099995136261,,
24,74,,,1.815767526626587,0.5767441987991333
24,74,1.5443190336227417,0.6118463277816772,,
25,77,,,1.7523775100708008,0.5953488349914551
25,77,1.4873095750808716,0.6306263208389282,,
26,80,,,1.6958906650543213,0.6000000238418579
26,80,1.4008663892745972,0.6576553583145142,,
27,83,,,1.6412988901138306,0.6186046600341797
27,83,1.3194019794464111,0.6724690198898315,,
28,86,,,1.5917494297027588,0.6279069781303406
28,86,1.2842110395431519,0.6782767176628113,,
29,89,,,1.533626675605774,0.6372092962265015
29,89,1.2223851680755615,0.6958438158035278,,
30,92,,,1.484197974205017,0.6418604850769043
30,92,1.176963210105896,0.7153781056404114,,
31,95,,,1.441428780555725,0.6558139324188232
31,95,1.0901224613189697,0.7348910570144653,,
32,98,,,1.407142996788025,0.6651162505149841
32,98,1.041286587715149,0.7437533140182495,,
33,101,,,1.378429651260376,0.6744186282157898
33,101,0.9850479364395142,0.7703375816345215,,
34,104,,,1.3471992015838623,0.6790697574615479
34,104,0.9239657521247864,0.7744428515434265,,
35,107,,,1.3179041147232056,0.6837209463119507
35,107,0.882495105266571,0.7949724197387695,,
36,110,,,1.298492193222046,0.7069767713546753
36,110,0.8290127515792847,0.8168355822563171,,
37,113,,,1.2772964239120483,0.7162790894508362
37,113,0.793406069278717,0.8186450004577637,,
38,116,,,1.256619930267334,0.7209302186965942
38,116,0.7730358242988586,0.8171250224113464,,
39,119,,,1.2331186532974243,0.7209302186965942
39,119,0.7190260887145996,0.8479282259941101,,
40,122,,,1.2121299505233765,0.7255814075469971
40,122,0.6777861714363098,0.8454807996749878,,
41,125,,,1.1988742351531982,0.7255814075469971
41,125,0.667316198348999,0.8486760258674622,,
42,128,,,1.1952990293502808,0.734883725643158
42,128,0.6112858653068542,0.8537866473197937,,
43,131,,,1.1961431503295898,0.7488372325897217
43,131,0.6122509241104126,0.8527823686599731,,
44,134,,,1.1896121501922607,0.7441860437393188
44,134,0.5683764219284058,0.8748776316642761,,
45,137,,,1.170863151550293,0.7441860437393188
45,137,0.5417237877845764,0.877876877784729,,
46,140,,,1.1625006198883057,0.7534883618354797
46,140,0.5180729031562805,0.8737324476242065,,
47,143,,,1.1595836877822876,0.739534854888916
47,143,0.49970299005508423,0.8867700695991516,,
48,146,,,1.1536202430725098,0.7627906799316406
48,146,0.45932769775390625,0.9029964208602905,,
49,149,,,1.1393650770187378,0.7581395506858826
49,149,0.4498627185821533,0.8984166383743286,,
50,152,,,1.1178721189498901,0.7534883618354797
50,152,0.42140817642211914,0.9095237851142883,,
51,155,,,1.0999706983566284,0.7581395506858826
51,155,0.4056266248226166,0.9142199754714966,,
52,158,,,1.10210382938385,0.7581395506858826
52,158,0.400922954082489,0.9127461314201355,,
53,161,,,1.104102373123169,0.7581395506858826
53,161,0.3986850380897522,0.913683295249939,,
54,164,,,1.103116512298584,0.7627906799316406
54,164,0.34635159373283386,0.936562180519104,,
55,167,,,1.106347918510437,0.7581395506858826
55,167,0.34532514214515686,0.9258774518966675,,
56,170,,,1.1083498001098633,0.7581395506858826
56,170,0.32542553544044495,0.9390457272529602,,
57,173,,,1.1169886589050293,0.7581395506858826
57,173,0.31039273738861084,0.9381864666938782,,
58,176,,,1.1279855966567993,0.7581395506858826
58,176,0.303811252117157,0.9388786554336548,,
59,179,,,1.1332710981369019,0.7441860437393188
59,179,0.2908012270927429,0.9499228596687317,,
60,182,,,1.1346435546875,0.7441860437393188
60,182,0.2639295160770416,0.952292263507843,,
61,185,,,1.138940453529358,0.7534883618354797
61,185,0.2583600878715515,0.9553362131118774,,
62,188,,,1.1502379179000854,0.7581395506858826
62,188,0.27711671590805054,0.9440746307373047,,
63,191,,,1.163110613822937,0.7488372325897217
63,191,0.2535691261291504,0.9555033445358276,,
64,194,,,1.1664305925369263,0.7534883618354797
64,194,0.24839267134666443,0.9585078358650208,,
65,197,,,1.1664445400238037,0.7534883618354797
65,197,0.2320701628923416,0.9537748098373413,,
66,200,,,1.1630390882492065,0.7581395506858826
66,200,0.24527299404144287,0.9465279579162598,,
67,203,,,1.1585184335708618,0.7581395506858826
67,203,0.21727612614631653,0.9564077258110046,,
68,206,,,1.1524642705917358,0.7674418687820435
68,206,0.2143922746181488,0.9595437049865723,,
69,209,,,1.1369433403015137,0.7767441868782043
69,209,0.22751399874687195,0.9596545100212097,,
70,212,,,1.125433325767517,0.7674418687820435
70,212,0.20698252320289612,0.9607264399528503,,
71,215,,,1.1293249130249023,0.7720929980278015
71,215,0.21331283450126648,0.9520562887191772,,
