d uː	d ɪ d	d	0
θ æ ŋ k	θ æ ŋ k t	θ æ ŋ k t	1
f ɔ l	f ɛ l	f ɔ l d	0
r ɪ m ɛ m b ɹ̩	r ɪ m ɛ m b ɹ̩ d	r ɛ m ɛ m b ɹ̩ d	0
ɡ ɪ v	ɡ e ɪ v	ɡ ɪ v d	0
o ʊ p ə n	o ʊ p ə n d	o ʊ p ə n d	1
h æ p ə n	h æ p ə n d	h æ p ə n d	1
t ɛ l	t o ʊ l d	t ɛ l d	0
r æ p	r æ p t	r æ p t	1
l ʊ k	l ʊ k t	l ʊ k t	1
ɡ ɛ s	ɡ ɛ s t	ɡ ɛ s t	1
r ɛ d iː	r ɛ d iː d	r ɛ d iː d	1
r ɑː b	r ɑː b d	r ɑː b d	1
s ɪ t	s æ t	s ɪ t	0
l a ɪ v	l a ɪ v d	l a ɪ v	0
b ɪ l ɔ ŋ	b ɪ l ɔ ŋ d	b ɪ l ɔ ŋ	0
m æ t ɹ̩	m æ t ɹ̩ d	m æ t ɹ̩ d	1
p æ s	p æ s t	p æ s t	1
ɡ r æ b	ɡ r æ b d	ɡ r æ b d	1
o ʊ n	o ʊ n d	o ʊ n d	1
d͡ʒ ʌ m p	d͡ʒ ʌ m p t	d͡ʒ ʌ m p t	1
w ɑː t͡ʃ	w ɑː t͡ʃ t	w ɑː t͡ʃ t	1
w ɹ̩ k	w ɹ̩ k t	w ɹ̩ k t	1
s t e ɪ	s t e ɪ d	s t e ɪ d	1
b r e ɪ k	b r o ʊ k	b r e ɪ k t	0
f ɪ l	f ɪ l d	f ɪ l d	1
m uː v	m uː v d	m uː v d	1
r ɛ k ə m ɛ n d	r ɛ k ə m ɛ n d ə d	r ɛ k ə m ɛ n d ə d	1
s ɔ	s ɔ d	s ɔ d	1
p æ t͡ʃ	p æ t͡ʃ t	p æ t͡ʃ t	1
ə n ɔ ɪ	ə n ɔ ɪ d	ə n ɔ ɪ d	1
r a ɪ d	r o ʊ d	r o ʊ d ə d	0
m ɛ ʒ ɹ̩	m ɛ ʒ ɹ̩ d	m ɛ n ɹ̩ d	0
t w ɪ s t	t w ɪ s t ə d	t w ɪ s t ə d	1
t ɪ p	t ɪ p t	t ɪ p t	1
k ə n ɛ k t	k ə n ɛ k t ə d	k ə n ɛ k t ə d	1
b a ɪ	b ɔ t	b a ɪ	0
m æ n	m æ n d	m æ n d	1
f e ɪ l	f e ɪ l d	f e ɪ l d	1
s ɪ ŋ	s æ ŋ	s ɪ ŋ d	0
h æ n d	h æ n d ə d	h æ n d ə d	1
t͡ʃ iː r	t͡ʃ iː r d	t͡ʃ iː r d	1
s p ɑː t	s p ɑː t ə d	s p ɑː t ə d	1
p o ʊ k	p o ʊ k t	p o ʊ k t	1
t a ɪ ɹ̩	t a ɪ ɹ̩ d	t a ɪ ɹ̩ d	1
k ɪ d	k ɪ d ə d	k ɪ d	0
t͡ʃ uː z	t͡ʃ o ʊ z	t͡ʃ uː z d	0
p ɛ p ɹ̩	p ɛ p ɹ̩ d	p ɛ p ɹ̩ d	1
b l ɪ ŋ k	b l ɪ ŋ k t	b l æ ŋ k t	0
p ɹ̩ f ɔ r m	p ɹ̩ f ɔ r m d	p ɹ̩ f ɔ r m d	1
p e ɪ	p e ɪ d	p e ɪ d	1
t͡ʃ uː	t͡ʃ uː d	t͡ʃ uː d	1
p iː l	p iː l d	p iː l d	1
s n iː k	s n iː k t	s n iː k t	1
r iː t͡ʃ	r iː t͡ʃ t	r iː t͡ʃ t	1
r ɪ p	r ɪ p t	r ɪ p t	1
w ɔ t ɹ̩	w ɔ t ɹ̩ d	w ɔ t ɹ̩ d	1
k l a ɪ m	k l a ɪ m d	k l a ɪ m d	1
ɪ n v ɛ s t ə ɡ e ɪ t	ɪ n v ɛ s t ə ɡ e ɪ t ə d	ɪ n t ə ɡ t ə r e ɪ t ə d	0
a ɪ	a ɪ d	a ɪ d	1
k ʊ k	k ʊ k t	k ʊ k t	1
p r e ɪ	p r e ɪ d	p r e ɪ d	1
ɪ r ʌ p t	ɪ r ʌ p t ə d	ɪ r ʌ p t ə d	1
w a ɪ p	w a ɪ p t	w a ɪ p t	1
s t ʌ f	s t ʌ f t	s t ʌ f t	1
s p iː k	s p o ʊ k	s p iː k t	0
l a ɪ n	l a ɪ n d	l a ɪ n	0
b o ʊ l	b o ʊ l d	b o ʊ l d	1
s p l æ ʃ	s p l æ ʃ t	s p l æ ʃ t	1
s k w iː z	s k w iː z d	s k w iː z d	1
t͡ʃ ɑː r d͡ʒ	t͡ʃ ɑː r d͡ʒ d	t͡ʃ ɑː r d͡ʒ d	1
b æ ŋ	b æ ŋ d	b æ ŋ	0
s t r e ɪ t ə n	s t r e ɪ t ə n d	s e ɪ t ə d ə n d	0
d ɪ ʃ	d ɪ ʃ t	d ɪ ʃ t	1
b a ɪ s ɪ k ə l	b a ɪ s ɪ k ə l d	b a ɪ k ɪ k ə l d	0
b ʌ t ɹ̩	b ʌ t ɹ̩ d	b ʌ t ɹ̩ d	1
w ɹ̩ iː	w ɹ̩ iː d	w ɹ̩ iː d	1
f ɪ ʃ	f ɪ ʃ t	f ɪ ʃ t	1
p l ʌ n d͡ʒ	p l ʌ n d͡ʒ d	p l ʌ n d͡ʒ d	1
p a ʊ n d	p a ʊ n d ə d	p a ʊ n d ə d	1
s w ɪ t͡ʃ	s w ɪ t͡ʃ t	s w ɪ t͡ʃ t	1
p r iː p ɛ r	p r iː p ɛ r d	p r iː p ɛ r d	1
t r æ ʃ	t r æ ʃ t	t r æ ʃ t	1
s iː d	s iː d ə d	s iː d	0
s n iː z	s n iː z d	s n iː z d	1
k r ʌ n t͡ʃ	k r ʌ n t͡ʃ t	k r ʌ n t͡ʃ t	1
o ʊ v ɹ̩ f l o ʊ	o ʊ v ɹ̩ f l o ʊ d	o ʊ v ɹ̩ f l o ʊ v uː ʊ v o ʊ l o ʊ v ɹ̩	0
r ɪ p iː t	r ɪ p iː t ə d	r ɪ p iː t ə d	1
ə v ɔ ɪ d	ə v ɔ ɪ d ə d	ə v ɔ ɪ d ə d	1
n o ʊ t	n o ʊ t ə d	n o ʊ t ə d	1
p ʌ m p	p ʌ m p t	p ʌ m p t	1
f l iː	f l ɛ d	f l iː d	0
ə n f o ʊ l d	ə n f o ʊ l d ə d	ə n f o ʊ l d ə d	1
b ɔ k	b ɔ k t	b ɔ k t	1
h iː t	h iː t ə d	h iː t	0
m ɪ l k	m ɪ l k t	m ɪ l k t	1
ʃ uː	ʃ uː d	ʃ uː d	1
h ɑː l ɹ̩	h ɑː l ɹ̩ d	h ɑː l ɹ̩ d	1
t r ɪ p	t r ɪ p t	t r ɪ p t	1
ɪ k s ɛ p t	ɪ k s ɛ p t ə d	ɪ k s ɛ p t ə d	1
b a ʊ n s	b a ʊ n s t	b a ʊ n s t	1
s k uː l	s k uː l d	s k uː l d	1
t r e ɪ s	t r e ɪ s t	t r e ɪ s t	1
d a ʊ n	d a ʊ n d	d a ʊ n d	1
ə r e ɪ n d͡ʒ	ə r e ɪ n d͡ʒ d	ə r e ɪ n d͡ʒ d	1
d ɛ r	d ɛ r d	d ɛ r d	1
æ d	æ d ə d	æ d ə d	1
t r ɛ ʒ ɹ̩	t r ɛ ʒ ɹ̩ d	t r ɛ n ɹ̩ d	0
w ɑː b ə l	w ɑː b ə l d	w ɑː b ə l d	1
p iː s	p iː s t	p iː s t	1
n æ p	n æ p t	n æ p t	1
p o ʊ z	p o ʊ z d	p o ʊ z d	1
ə n p æ k	ə n p æ k t	ə n p æ k t	1
r iː ə l a ɪ z	r iː ə l a ɪ z d	r iː ə l a ɪ z d	1
b ʌ ɡ	b ʌ ɡ d	b ʌ ɡ d	1
b ʊ t͡ʃ ɹ̩	b ʊ t͡ʃ ɹ̩ d	b ʊ t͡ʃ ɹ̩ d	1
m ʌ f ə l	m ʌ f ə l d	m ʌ f ə l d	1
r ɪ p ɛ r	r ɪ p ɛ r d	r ɪ p ɛ r d	1
s t ɪ ŋ k	s t ʌ ŋ k	s t ɪ ŋ k t	0
ɡ æ ð ɹ̩	ɡ æ ð ɹ̩ d	ɡ æ ð ɹ̩ d	1
b ɑː t ə l	b ɑː t ə l d	b ɑː t ə l d	1
b iː m	b iː m d	b iː m d	1
k ə m p l e ɪ n	k ə m p l e ɪ n d	k ə m p l e ɪ n d	1
ə n l ɑː k	ə n l ɑː k t	ə n l ɑː k t	1
b a ɪ k	b a ɪ k t	b a ɪ k t	1
h ɔ k	h ɔ k t	h ɔ k t	1
f æ s ə n	f æ s ə n d	f æ s ə n d	1
ɪ k s p ɛ k t	ɪ k s p ɛ k t ə d	ɪ k s p ɛ k t ə d	1
l ɛ v ə l	l ɛ v ə l d	l ɛ v ə l d	1
f ɔ r m	f ɔ r m d	f ɔ r m d	1
w æ ɡ	w æ ɡ d	w æ ɡ d	1
f ʌ s	f ʌ s t	f ʌ s t	1
s m o ʊ k	s m o ʊ k t	s m o ʊ k t	1
ɪ n ɪ ʃ ə l	ɪ n ɪ ʃ ə l d	ɪ n ɪ n ə l d	0
r iː b a ʊ n d	r iː b a ʊ n d ə d	r iː b a ʊ n d ə d	1
b ɪ z iː	b ɪ z iː d	b ɪ z iː d	1
b ɔ r d	b ɔ r d ə d	b ɔ r d ə d	1
s n æ k	s n æ k t	s n æ k t	1
d r a ʊ n	d r a ʊ n d	d r a ʊ n d	1
b ɑː t ə m	b ɑː t ə m d	b ɑː t ə m d	1
r iː t r iː v	r iː t r iː v d	r iː t r iː v d	1
s k r ɪ b ə l	s k r ɪ b ə l d	s k r ɪ b ə l d	1
t ɛ n d	t ɛ n d ə d	t ɛ n d ə d	1
ɔ r iː ɛ n t	ɔ r iː ɛ n t ə d	ɔ r iː n d n d	0
t uː l	t uː l d	t uː l d	1
ɡ æ l ə p	ɡ æ l ə p t	ɡ æ l ə p t	1
t a ɪ p	t a ɪ p t	t a ɪ p t	1
l æ n d s k e ɪ p	l æ n d s k e ɪ p t	l d	0
ə n d uː	ə n d ɪ d	ə n d uː d	0
r o ʊ p	r o ʊ p t	r o ʊ p t	1
f ʌ m b ə l	f ʌ m b ə l d	f ʌ m b ə l d	1
ə n a ʊ n s	ə n a ʊ n s t	ə n a ʊ n s t	1
ʃ ʌ t ə l	ʃ ʌ t ə l d	ʃ ʌ t ə l d	1
f l æ t ə n	f l æ t ə n d	f l æ t ə n d	1
ə d r ɛ s	ə d r ɛ s t	ə d r ɛ s t	1
d ɪ s p o ʊ z	d ɪ s p o ʊ z d	d ɪ s p o ʊ z d	1
t æ ɡ	t æ ɡ d	t æ ɡ d	1
p iː t ɹ̩	p iː t ɹ̩ d	p iː t ɹ̩ d	1
l e ɪ s	l e ɪ s t	l e ɪ s t	1
ɔ ɪ l	ɔ ɪ l d	ɔ ɪ l d	1
t ɑː p	t ɑː p t	t ɑː p t	1
k æ p	k æ p t	k æ p t	1
ʃ a ɪ n	ʃ a ɪ n d	ʃ a ɪ n	0
m ɑː r	m ɑː r d	m ɑː r d	1
s a ɪ n	s a ɪ n d	s a ɪ n	0
v ɔ ɪ s	v ɔ ɪ s t	v ɔ ɪ s t	1
ɪ ɡ n ɔ r	ɪ ɡ n ɔ r d	ɪ ɡ n ɔ r d	1
ɡ æ s p	ɡ æ s p t	ɡ æ s p t	1
l uː s	l uː s t	l uː s t	1
ʃ o ʊ l d ɹ̩	ʃ o ʊ l d ɹ̩ d	ʃ o ʊ l d ɹ̩ d	1
t͡ʃ ɪ p	t͡ʃ ɪ p t	t͡ʃ ɪ p t	1
ɡ ɑː l f	ɡ ɑː l f t	ɡ ɑː l f t	1
s t ɪ ŋ	s t ʌ ŋ	s t ɪ ŋ	0
e ɪ d	e ɪ d ə d	e ɪ d	0
f ɹ̩ m ɛ n t	f ɹ̩ m ɛ n t ə d	f ɹ̩ m ɛ n t ə d	1
d͡ʒ o ʊ k	d͡ʒ o ʊ k t	d͡ʒ o ʊ k t	1
ʃ ɑː k	ʃ ɑː k t	ʃ ɑː k t	1
ɪ n t ɹ̩ ʌ p t	ɪ n t ɹ̩ ʌ p t ə d	ɪ n t ɹ̩ ʌ p t ə d	1
k ə n f ɛ s	k ə n f ɛ s t	k ə n f ɛ s t	1
k o ʊ ɔ r d ə n e ɪ t	k o ʊ ɔ r d ə n e ɪ t ə d	k ə n ə n d	0
ɛ n t ɹ̩	ɛ n t ɹ̩ d	ɛ n t ɹ̩ d	1
ɑː r m	ɑː r m d	ɑː r m d	1
θ ʌ m p	θ ʌ m p t	θ ʌ m p t	1
b l ʌ d	b l ʌ d ə d	b l ʌ d ə d	1
m o ʊ	m o ʊ d	m o ʊ d	1
t r æ n s k r a ɪ b	t r æ n s k r a ɪ b d	t	0
k ə m p l iː t	k ə m p l iː t ə d	k ə l p l iː t ə d	0
t ɔ r t͡ʃ ɹ̩	t ɔ r t͡ʃ ɹ̩ d	t ɔ r t͡ʃ ɹ̩ d	1
r iː p ə z ɪ ʃ ə n	r iː p ə z ɪ ʃ ə n d	r iː p iː z ə l d	0
k ɑː n	k ɑː n d	k ɑː n d	1
b ɔ l	b ɔ l d	b ɔ l d	1
k r iː k	k r iː k t	k r iː k t	1
s ɔ f ə n	s ɔ f ə n d	s ɔ f ə n d	1
f l ɹ̩ t	f l ɹ̩ t ə d	f l ɹ̩ t ə d	1
z ɪ ɡ z æ ɡ	z ɪ ɡ z æ ɡ d	z ɪ ɡ z æ ɡ d	1
s ɪ v ə l a ɪ z	s ɪ v ə l a ɪ z d	s ɪ v ə l a ɪ z d	1
w ɪ ŋ	w ɪ ŋ d	w ɪ ŋ	0
p ɔ z	p ɔ z d	p ɔ z d	1
ɪ n t͡ʃ	ɪ n t͡ʃ t	ɪ n t͡ʃ t	1
ə t͡ʃ iː v	ə t͡ʃ iː v d	ə t͡ʃ iː v d	1
m ə s ɑː ʒ	m ə s ɑː ʒ d	m ə s ɑː ʒ d	1
s ɪ ŋ k	s æ ŋ k	s ɪ ŋ k t	0
s k o ʊ l d	s k o ʊ l d ə d	s k o ʊ l t ə d	0
w ɪ n t ɹ̩	w ɪ n t ɹ̩ d	w ɪ n t ɹ̩ d	1
t͡ʃ ɹ̩ n	t͡ʃ ɹ̩ n d	t͡ʃ ɹ̩ n d	1
ʃ ɪ p	ʃ ɪ p t	ʃ ɪ p t	1
l uː p	l uː p t	l uː p t	1
k ɔ ɪ n	k ɔ ɪ n d	k ɔ ɪ n d	1
p l æ s t ɹ̩	p l æ s t ɹ̩ d	p l æ s t ɹ̩ d	1
k ə n s ɪ d ɹ̩	k ə n s ɪ d ɹ̩ d	k ə n s a ɪ d	0
f ɛ ð ɹ̩	f ɛ ð ɹ̩ d	f ɛ ð ɹ̩ d	1
s t iː m	s t iː m d	s t iː m d	1
b l æ ŋ k ə t	b l æ ŋ k ə t ə d	b l æ ŋ k ə t ə d	1
k æ l k j ə l e ɪ t	k æ l k j ə l e ɪ t ə d	k j ə l ə l d	0
d͡ʒ ɛ s t͡ʃ ɹ̩	d͡ʒ ɛ s t͡ʃ ɹ̩ d	d͡ʒ ɛ s t͡ʃ ɹ̩ d	1
w ɛ d͡ʒ	w ɛ d͡ʒ d	w ɛ d͡ʒ d	1
t r ɪ p ə l	t r ɪ p ə l d	t r ɪ p ə l d	1
p ɑː r t	p ɑː r t ə d	p ɑː r t ə d	1
h æ l o ʊ	h æ l o ʊ d	h æ l o ʊ d	1
s p ɔ r t	s p ɔ r t ə d	s p ɔ r t ə d	1
d ɑː r t	d ɑː r t ə d	d ɑː r t ə d	1
ʃ ɪ v ɹ̩	ʃ ɪ v ɹ̩ d	ʃ ɪ v ɹ̩ d	1
ɡ r e ɪ z	ɡ r e ɪ z d	ɡ r e ɪ z d	1
s o ʊ k	s o ʊ k t	s o ʊ k t	1
b l o ʊ t	b l o ʊ t ə d	b l o ʊ t ə d	1
s p l ɪ n t ɹ̩	s p l ɪ n t ɹ̩ d	s p l ɪ n t ɹ̩ d	1
w iː	w iː d	w iː d	1
ɡ iː r	ɡ iː r d	ɡ iː r d	1
ə b z ɹ̩ v	ə b z ɹ̩ v d	ə b z ɹ̩ v d	1
s æ n d w ɪ t͡ʃ	s æ n d w ɪ t͡ʃ t	s æ n d w ɪ t͡ʃ t	1
ɪ n k l uː d	ɪ n k l uː d ə d	ɪ n k l uː d ə d	1
v o ʊ t	v o ʊ t ə d	v o ʊ t ə d	1
k e ɪ v	k e ɪ v d	k e ɪ v d	1
s p e ɪ	s p e ɪ d	s p e ɪ d	1
t æ t uː	t æ t uː d	t æ t uː d	1
p ɹ̩ s	p ɹ̩ s t	p ɹ̩ s t	1
r ɪ ɡ r ɛ t	r ɪ ɡ r ɛ t ə d	r ɪ ɡ r ɛ t ə d	1
k l ʌ t ɹ̩	k l ʌ t ɹ̩ d	k l ʌ t ɹ̩ d	1
d r ɛ n t͡ʃ	d r ɛ n t͡ʃ t	d r ɛ n t͡ʃ t	1
k l e ɪ m	k l e ɪ m d	k l e ɪ m d	1
f r a ʊ n	f r a ʊ n d	f r a ʊ n d	1
r iː n e ɪ m	r iː n e ɪ m d	r iː n e ɪ m d	1
ɛ n k ɹ̩ ɪ d͡ʒ	ɛ n k ɹ̩ ɪ d͡ʒ d	ɛ n k ɹ̩ ɪ d͡ʒ d	1
d ɪ l ɪ n iː e ɪ t	d ɪ l ɪ n iː e ɪ t ə d	d ɪ l iː n iː e ɪ t ə d	0
f iː t͡ʃ ɹ̩	f iː t͡ʃ ɹ̩ d	f iː t͡ʃ ɹ̩ d	1
p ɛ ɡ	p ɛ ɡ d	p ɛ ɡ d	1
m ɑː d ə f a ɪ	m ɑː d ə f a ɪ d	m ɑː d ə f a ɪ d	1
s l ɪ t	s l ɪ t	s l ɪ t	1
k ə n v ɪ n s	k ə n v ɪ n s t	k ə n v ɪ n s t	1
s m uː ð	s m uː ð d	s m uː ð d	1
t æ k ə l	t æ k ə l d	t æ k ə l d	1
k ə m j uː n ə k e ɪ t	k ə m j uː n ə k e ɪ t ə d	k ə n ə n d	0
t r ɑː t	t r ɑː t ə d	t r ɑː t ə d	1
s t r æ d ə l	s t r æ d ə l d	s t r æ d	0
θ ʌ n d ɹ̩	θ ʌ n d ɹ̩ d	θ ʌ n d ɹ̩ d	1
ɪ n s p a ɪ ɹ̩	ɪ n s p a ɪ ɹ̩ d	ɪ n s p a ɪ ɹ̩ d	1
l e ɪ b ɹ̩	l e ɪ b ɹ̩ d	l e ɪ b ɹ̩ d	1
ə k ɹ̩	ə k ɹ̩ d	ə k ɹ̩ d	1
b r uː z	b r uː z d	b r uː z d	1
t͡ʃ æ t	t͡ʃ æ t ə d	t͡ʃ æ t ə d	1
r ɪ n uː	r ɪ n uː d	r ɪ n uː d	1
f l e ɪ m	f l e ɪ m d	f l e ɪ m d	1
s t ʌ b	s t ʌ b d	s t ʌ b d	1
s ʌ l iː	s ʌ l iː d	s ʌ l iː d	1
m a ʊ n t	m a ʊ n t ə d	m a ʊ n t ə d	1
b æ s k	b æ s k t	b æ s k t	1
ɪ k s t͡ʃ e ɪ n d͡ʒ	ɪ k s t͡ʃ e ɪ n d͡ʒ d	ɪ k s t͡ʃ e ɪ n d͡ʒ d	1
s l o ʊ	s l o ʊ d	s l o ʊ d	1
ɛ n d e ɪ n d͡ʒ ɹ̩	ɛ n d e ɪ n d͡ʒ ɹ̩ d	ɛ n d ɪ n d͡ʒ ɹ̩ n d	0
s n iː r	s n iː r d	s n iː r d	1
k ɹ̩ o ʊ d	k ɹ̩ o ʊ d ə d	k ɹ̩ o ʊ d ə d	1
h ɑː b ə l	h ɑː b ə l d	h ɑː b ə l d	1
r ə s iː v	r ə s iː v d	r ə s iː v d	1
ɪ n k l o ʊ z	ɪ n k l o ʊ z d	ɪ n k l o ʊ z d	1
h ɪ p n ə t a ɪ z	h ɪ p n ə t a ɪ z d	h ɪ p ə d	0
ʃ a ʊ ɹ̩	ʃ a ʊ ɹ̩ d	ʃ a ʊ ɹ̩ d	1
s k ɹ̩ t	s k ɹ̩ t ə d	s k ɹ̩ t ə d	1
ɛ s t ə m e ɪ t	ɛ s t ə m e ɪ t ə d	ɛ s t ə m e ɪ t ə d	1
ə r a ɪ z	ə r o ʊ z	ə r a ɪ z d	0
p ɑː l ɪ ʃ	p ɑː l ɪ ʃ t	p ɑː l ɪ ʃ t	1
