src	tgt	rank	neighbor_src	neighbor_tgt	cosine
ɡ ɛ t	ɡ ɑː t	1	ɡ ɪ v	ɡ e ɪ v	0.9633
p ʊ t	p ʊ t	1	p ɛ t	p ɛ t ə d	0.9993
ɡ o ʊ	w ɛ n t	1	ɡ ɪ v	ɡ e ɪ v	0.9768
iː t	e ɪ t	1	d uː	d ɪ d	0.7202
w ɔ n t	w ɔ n t ə d	1	w e ɪ t	w e ɪ t ə d	0.9889
n ɑː k	n ɑː k t	1	n o ʊ	n uː	0.8257
l ɪ s ə n	l ɪ s ə n d	1	l a ɪ k	l a ɪ k t	0.8911
p ʌ f	p ʌ f t	1	p ɔ r	p ɔ r d	0.9968
h o ʊ p	h o ʊ p t	1	h a ɪ d	h ɪ d	0.8339
n iː d	n iː d ə d	1	j uː z	j uː z d	0.7993
k æ t͡ʃ	k ɔ t	1	k ɔ l	k ɔ l d	0.9994
z ɪ p ɹ̩	z ɪ p ɹ̩ d	1	l a ɪ k	l a ɪ k t	0.5771
h ɑː p	h ɑː p t	1	h æ v	h æ d	0.9959
k æ r iː	k æ r iː d	1	k ʌ l ɹ̩	k ʌ l ɹ̩ d	0.9964
r ɪ t ɹ̩ n	r ɪ t ɹ̩ n d	1	r a ɪ d	r o ʊ d	0.9143
f iː d	f ɛ d	1	f ɪ t	f ɪ t	0.9895
ɡ ɑː b ə l	ɡ ɑː b ə l d	1	ɡ r e ɪ t	ɡ r e ɪ t ə d	0.9795
o ʊ p ə n	o ʊ p ə n d	1	b ɑː r o ʊ	b ɑː r o ʊ d	0.6401
h o ʊ l d	h ɛ l d	1	h a ɪ d	h ɪ d	0.8404
d ɪ l ɪ v ɹ̩	d ɪ l ɪ v ɹ̩ d	1	d a ɪ	d a ɪ d	0.9145
