neighbors	src	gold	pred	neighbor_src	neighbor_tgt	analogy	regular	matches_pred	matches_gold
model_sep	s m a ɪ l	s m a ɪ l d	s m ɪ d	s l a ɪ d	s l ɪ d	NA	1	0	0
model_sep	r iː d	r ɛ d	r ɛ d	r ɪ ŋ	r æ ŋ	NA	0	0	0
model_sep	l a ɪ k	l a ɪ k t	l a ɪ k t	l a ɪ v	l a ɪ v d	l a ɪ k d	1	0	0
model_sep	ʃ o ʊ	ʃ o ʊ d	ʃ ɛ n t	ʃ ʌ t	ʃ ʌ t	ʃ o ʊ	1	0	0
model_sep	b a ɪ t	b ɪ t	b a ɪ t	b r ɪ ŋ	b r ɔ t	NA	0	0	0
model_sep	f l a ɪ	f l uː	f l a ɪ d	f l ʌ ʃ	f l ʌ ʃ t	f l a ɪ t	0	0	0
model_sep	h o ʊ p	h o ʊ p t	h ɛ p p t	h ɛ l p	h ɛ l p t	h o ʊ p t	1	0	1
model_sep	o ʊ p ə n	o ʊ p ə n d	s p ə p n d	o ʊ v ɹ̩ d uː	o ʊ v ɹ̩ d ɪ d	NA	1	0	0
model_sep	r ʌ n	r æ n	r ʌ n	r ɪ ŋ	r æ ŋ	NA	0	0	0
model_sep	t ɔ ɪ	t ɔ ɪ d	t ɔ t	t ɹ̩ n	t ɹ̩ n d	t ɔ ɪ d	1	0	1
model_sep	p l e ɪ	p l e ɪ d	p l uː	p l iː z	p l iː z d	p l e ɪ d	1	0	1
model_sep	w ɑː t͡ʃ	w ɑː t͡ʃ t	w ɑː t͡ʃ t	w ɑː ʃ	w ɑː ʃ t	w ɑː t͡ʃ t	1	1	1
model_sep	r iː t͡ʃ	r iː t͡ʃ t	r ɛ t͡ʃ t	r ɪ ŋ	r æ ŋ	NA	1	0	0
model_sep	æ s k	æ s k t	æ s s t	æ d	æ d ə d	æ s k ə d	1	0	0
model_sep	s m ɛ l	s m ɛ l d	s m ɛ l d	s t iː l	s t o ʊ l	NA	1	0	0
model_sep	h æ ŋ	h ʌ ŋ	h æ ŋ	h æ v	h æ d	NA	0	0	0
model_sep	r a ɪ d	r o ʊ d	r a ɪ d ə d	r a ɪ t	r o ʊ t	NA	0	0	0
model_sep	s p ɪ l	s p ɪ l d	s p æ l d	s p ɪ n	s p ʌ n	NA	1	0	0
model_sep	p ɔ r	p ɔ r d	p ɔ r d	p ʊ t	p ʊ t	p ɔ r	1	0	0
model_sep	b a ʊ	b a ʊ d	b ɔ t	b a ɪ	b ɔ t	NA	1	0	0
model_sep	t ʌ t͡ʃ	t ʌ t͡ʃ t	t ʌ t͡ʃ t	t iː z	t iː z d	t ʌ t͡ʃ d	1	0	0
model_sep	k ɑː z	k ɑː z d	k ɑː z d	k iː p	k ɛ p t	NA	1	0	0
model_sep	s t r a ɪ k	s t r ʌ k	s t r æ k t ə d	s ə p o ʊ z	s ə p o ʊ z d	s t r a ɪ k d	0	0	0
model_sep	h ɹ̩ t	h ɹ̩ t	h ɹ̩ t	h iː r	h ɹ̩ d	NA	0	0	0
model_sep	h iː t	h iː t ə d	h iː t	h iː r	h ɹ̩ d	NA	1	0	0
model_sep	f l a ʊ ɹ̩	f l a ʊ ɹ̩ d	f l a ʊ l d	f ɪ ɡ j ɹ̩	f ɪ ɡ j ɹ̩ d	f l a ʊ ɹ̩ d	1	0	1
model_sep	k l o ʊ z	k l o ʊ z d	k l	k a ʊ n t	k a ʊ n t ə d	k l o ʊ z ə d	1	0	0
model_sep	m a ɪ n	m a ɪ n d	m a ɪ n d	m e ɪ k	m e ɪ d	NA	1	0	0
model_sep	v ɪ z ɪ t	v ɪ z ɪ t ə d	v ɪ z d	t͡ʃ e ɪ n d͡ʒ	t͡ʃ e ɪ n d͡ʒ d	v ɪ z ɪ t d	1	0	0
model_sep	t e ɪ s t	t e ɪ s t ə d	t o ʊ k t	t r ɪ p	t r ɪ p t	t e ɪ s t t	1	0	0
model_sep	b ʌ t ɹ̩	b ʌ t ɹ̩ d	b ʌ t ɹ̩ d	b l o ʊ	b l uː	NA	1	0	0
model_sep	m e ɪ l	m e ɪ l d	m e ɪ l d	m e ɪ k	m e ɪ d	NA	1	0	0
model_sep	d ɪ ŋ	d ɪ ŋ d	d ɪ ɡ d	d r ɔ	d r uː	NA	1	0	0
model_sep	s t ɑː p	s t ɑː p t	s t e ɪ d	s t iː l	s t o ʊ l	NA	1	0	0
model_sep	ɪ k s a ɪ t	ɪ k s a ɪ t ə d	ɪ s t	ɪ k s k j uː z	ɪ k s k j uː z d	ɪ k s a ɪ t d	1	0	0
model_sep	f r a ɪ	f r a ɪ d	f r a ɪ d	f l æ ʃ	f l æ ʃ t	f r a ɪ t	1	0	0
model_sep	s p iː k	s p o ʊ k	s p ɛ k t	s l iː p	s l ɛ p t	NA	0	0	0
model_sep	s k r æ m b ə l	s k r æ m b ə l d	s m d	s a ʊ n d	s a ʊ n d ə d	s k r æ m b ə l ə d	1	0	0
model_sep	t͡ʃ ɛ k	t͡ʃ ɛ k t	t͡ʃ o ʊ k	t͡ʃ o ʊ k	t͡ʃ o ʊ k t	t͡ʃ ɛ k t	1	0	1
model_sep	n ʌ m b ɹ̩	n ʌ m b ɹ̩ d	n m b ə ɹ̩ d	n o ʊ	n uː	NA	1	0	0
model_mean	s m a ɪ l	s m a ɪ l d	s m ɪ d	s iː m	s iː m d	s m a ɪ l d	1	0	1
model_mean	r iː d	r ɛ d	r ɛ d	r ɛ d iː	r ɛ d iː d	r iː d d	0	0	0
model_mean	l a ɪ k	l a ɪ k t	l a ɪ k t	l a ɪ v	l a ɪ v d	l a ɪ k d	1	0	0
model_mean	ʃ o ʊ	ʃ o ʊ d	ʃ ɛ n t	ʃ ʌ t	ʃ ʌ t	ʃ o ʊ	1	0	0
model_mean	b a ɪ t	b ɪ t	b a ɪ t	b a ɪ	b ɔ t	NA	0	0	0
model_mean	f l a ɪ	f l uː	f l a ɪ d	f l æ ʃ	f l æ ʃ t	f l a ɪ t	0	0	0
model_mean	h o ʊ p	h o ʊ p t	h ɛ p p t	h o ʊ l d	h ɛ l d	NA	1	0	0
model_mean	o ʊ p ə n	o ʊ p ə n d	s p ə p n d	n o ʊ	n uː	NA	1	0	0
model_mean	r ʌ n	r æ n	r ʌ n	r ɪ ŋ	r æ ŋ	NA	0	0	0
model_mean	t ɔ ɪ	t ɔ ɪ d	t ɔ t	t iː t͡ʃ	t ɔ t	NA	1	0	0
model_mean	p l e ɪ	p l e ɪ d	p l uː	p l iː z	p l iː z d	p l e ɪ d	1	0	1
model_mean	w ɑː t͡ʃ	w ɑː t͡ʃ t	w ɑː t͡ʃ t	w ɑː ʃ	w ɑː ʃ t	w ɑː t͡ʃ t	1	1	1
model_mean	r iː t͡ʃ	r iː t͡ʃ t	r ɛ t͡ʃ t	r ɪ ŋ	r æ ŋ	NA	1	0	0
model_mean	æ s k	æ s k t	æ s s t	s ɪ t	s æ t	NA	1	0	0
model_mean	s m ɛ l	s m ɛ l d	s m ɛ l d	s iː m	s iː m d	s m ɛ l d	1	1	1
model_mean	h æ ŋ	h ʌ ŋ	h æ ŋ	h æ v	h æ d	NA	0	0	0
model_mean	r a ɪ d	r o ʊ d	r a ɪ d ə d	r a ɪ t	r o ʊ t	NA	0	0	0
model_mean	s p ɪ l	s p ɪ l d	s p æ l d	s p ɪ n	s p ʌ n	NA	1	0	0
model_mean	p ɔ r	p ɔ r d	p ɔ r d	p ʊ ʃ	p ʊ ʃ t	p ɔ r t	1	0	0
model_mean	b a ʊ	b a ʊ d	b ɔ t	b a ɪ	b ɔ t	NA	1	0	0
model_mean	t ʌ t͡ʃ	t ʌ t͡ʃ t	t ʌ t͡ʃ t	t iː t͡ʃ	t ɔ t	NA	1	0	0
model_mean	k ɑː z	k ɑː z d	k ɑː z d	k iː p	k ɛ p t	NA	1	0	0
model_mean	s t r a ɪ k	s t r ʌ k	s t r æ k t ə d	s t ɑː r t	s t ɑː r t ə d	s t r a ɪ k ə d	0	0	0
model_mean	h ɹ̩ t	h ɹ̩ t	h ɹ̩ t	h æ v	h æ d	NA	0	0	0
model_mean	h iː t	h iː t ə d	h iː t	h iː r	h ɹ̩ d	NA	1	0	0
model_mean	f l a ʊ ɹ̩	f l a ʊ ɹ̩ d	f l a ʊ l d	f l æ ʃ	f l æ ʃ t	f l a ʊ ɹ̩ t	1	0	0
model_mean	k l o ʊ z	k l o ʊ z d	k l	k l a ɪ m	k l a ɪ m d	k l o ʊ z d	1	0	1
model_mean	m a ɪ n	m a ɪ n d	m a ɪ n d	m ɪ s	m ɪ s t	m a ɪ n t	1	0	0
model_mean	v ɪ z ɪ t	v ɪ z ɪ t ə d	v ɪ z d	iː v ɪ n	iː v ɪ n d	v ɪ z ɪ t d	1	0	0
model_mean	t e ɪ s t	t e ɪ s t ə d	t o ʊ k t	t e ɪ k	t ʊ k	NA	1	0	0
model_mean	b ʌ t ɹ̩	b ʌ t ɹ̩ d	b ʌ t ɹ̩ d	b ɹ̩ n	b ɹ̩ n d	b ʌ t ɹ̩ d	1	1	1
model_mean	m e ɪ l	m e ɪ l d	m e ɪ l d	m e ɪ k	m e ɪ d	NA	1	0	0
model_mean	d ɪ ŋ	d ɪ ŋ d	d ɪ ɡ d	d uː	d ɪ d	NA	1	0	0
model_mean	s t ɑː p	s t ɑː p t	s t e ɪ d	s t æ k	s t æ k t	s t ɑː p t	1	0	1
model_mean	ɪ k s a ɪ t	ɪ k s a ɪ t ə d	ɪ s t	ɪ k s k j uː z	ɪ k s k j uː z d	ɪ k s a ɪ t d	1	0	0
model_mean	f r a ɪ	f r a ɪ d	f r a ɪ d	f iː l	f ɛ l t	NA	1	0	0
model_mean	s p iː k	s p o ʊ k	s p ɛ k t	s p ɛ l	s p ɛ l d	s p iː k d	0	0	0
model_mean	s k r æ m b ə l	s k r æ m b ə l d	s m d	s k r æ t͡ʃ	s k r æ t͡ʃ t	s k r æ m b ə l t	1	0	0
model_mean	t͡ʃ ɛ k	t͡ʃ ɛ k t	t͡ʃ o ʊ k	t͡ʃ o ʊ k	t͡ʃ o ʊ k t	t͡ʃ ɛ k t	1	0	1
model_mean	n ʌ m b ɹ̩	n ʌ m b ɹ̩ d	n m b ə ɹ̩ d	n o ʊ	n uː	NA	1	0	0
model_stem	s m a ɪ l	s m a ɪ l d	s m ɪ d	d a ɪ ə l	d a ɪ ə l d	s m a ɪ l d	1	0	1
model_stem	r iː d	r ɛ d	r ɛ d	n iː d	n iː d ə d	r iː d ə d	0	0	0
model_stem	l a ɪ k	l a ɪ k t	l a ɪ k t	t e ɪ k	t ʊ k	NA	1	0	0
model_stem	ʃ o ʊ	ʃ o ʊ d	ʃ ɛ n t	ɡ o ʊ	w ɛ n t	NA	1	0	0
model_stem	b a ɪ t	b ɪ t	b a ɪ t	r a ɪ t	r o ʊ t	b o ʊ t	0	0	0
model_stem	f l a ɪ	f l uː	f l a ɪ d	t r a ɪ	t r a ɪ d	f l a ɪ d	0	1	0
model_stem	h o ʊ p	h o ʊ p t	h ɛ p p t	s n æ p	s n æ p t	h o ʊ p t	1	0	1
model_stem	o ʊ p ə n	o ʊ p ə n d	s p ə p n d	h æ p ə n	h æ p ə n d	o ʊ p ə n d	1	0	1
model_stem	r ʌ n	r æ n	r ʌ n	w ɪ n	w ʌ n	NA	0	0	0
model_stem	t ɔ ɪ	t ɔ ɪ d	t ɔ t	t r a ɪ	t r a ɪ d	t ɔ ɪ d	1	0	1
model_stem	p l e ɪ	p l e ɪ d	p l uː	s t e ɪ	s t e ɪ d	p l e ɪ d	1	0	1
model_stem	w ɑː t͡ʃ	w ɑː t͡ʃ t	w ɑː t͡ʃ t	t iː t͡ʃ	t ɔ t	NA	1	0	0
model_stem	r iː t͡ʃ	r iː t͡ʃ t	r ɛ t͡ʃ t	t iː t͡ʃ	t ɔ t	r ɔ t	1	0	0
model_stem	æ s k	æ s k t	æ s s t	s t æ k	s t æ k t	æ s k t	1	0	1
model_stem	s m ɛ l	s m ɛ l d	s m ɛ l d	s p ɛ l	s p ɛ l d	s m ɛ l d	1	1	1
model_stem	h æ ŋ	h ʌ ŋ	h æ ŋ	r ɪ ŋ	r æ ŋ	NA	0	0	0
model_stem	r a ɪ d	r o ʊ d	r a ɪ d ə d	s a ɪ d	s a ɪ d ə d	r a ɪ d ə d	0	1	0
model_stem	s p ɪ l	s p ɪ l d	s p æ l d	r o ʊ l	r o ʊ l d	s p ɪ l d	1	0	1
model_stem	p ɔ r	p ɔ r d	p ɔ r d	ʃ ɔ r	ʃ ɔ r d	p ɔ r d	1	1	1
model_stem	b a ʊ	b a ʊ d	b ɔ t	ɡ o ʊ	w ɛ n t	NA	1	0	0
model_stem	t ʌ t͡ʃ	t ʌ t͡ʃ t	t ʌ t͡ʃ t	m æ t͡ʃ	m æ t͡ʃ t	t ʌ t͡ʃ t	1	1	1
model_stem	k ɑː z	k ɑː z d	k ɑː z d	j uː z	j uː z d	k ɑː z d	1	1	1
model_stem	s t r a ɪ k	s t r ʌ k	s t r æ k t ə d	ə t r æ k t	ə t r æ k t ə d	s t r a ɪ k ə d	0	0	0
model_stem	h ɹ̩ t	h ɹ̩ t	h ɹ̩ t	s ɪ t	s æ t	NA	0	0	0
model_stem	h iː t	h iː t ə d	h iː t	m iː t	m ɛ t	h ɛ t	1	0	0
model_stem	f l a ʊ ɹ̩	f l a ʊ ɹ̩ d	f l a ʊ l d	f ɪ ɡ j ɹ̩	f ɪ ɡ j ɹ̩ d	f l a ʊ ɹ̩ d	1	0	1
model_stem	k l o ʊ z	k l o ʊ z d	k l	r ɛ k ə ɡ n a ɪ z	r ɛ k ə ɡ n a ɪ z d	k l o ʊ z d	1	0	1
model_stem	m a ɪ n	m a ɪ n d	m a ɪ n d	iː v ɪ n	iː v ɪ n d	m a ɪ n d	1	1	1
model_stem	v ɪ z ɪ t	v ɪ z ɪ t ə d	v ɪ z d	s l a ɪ d	s l ɪ d	NA	1	0	0
model_stem	t e ɪ s t	t e ɪ s t ə d	t o ʊ k t	f ɪ t	f ɪ t	t e ɪ s t	1	0	0
model_stem	b ʌ t ɹ̩	b ʌ t ɹ̩ d	b ʌ t ɹ̩ d	m æ t ɹ̩	m æ t ɹ̩ d	b ʌ t ɹ̩ d	1	1	1
model_stem	m e ɪ l	m e ɪ l d	m e ɪ l d	r o ʊ l	r o ʊ l d	m e ɪ l d	1	1	1
model_stem	d ɪ ŋ	d ɪ ŋ d	d ɪ ɡ d	r ɪ ŋ	r æ ŋ	d æ ŋ	1	0	0
model_stem	s t ɑː p	s t ɑː p t	s t e ɪ d	s l iː p	s l ɛ p t	NA	1	0	0
model_stem	ɪ k s a ɪ t	ɪ k s a ɪ t ə d	ɪ s t	s p ɪ t	s p æ t	ɪ k s a æ t	1	0	0
model_stem	f r a ɪ	f r a ɪ d	f r a ɪ d	t r a ɪ	t r a ɪ d	f r a ɪ d	1	1	1
model_stem	s p iː k	s p o ʊ k	s p ɛ k t	t͡ʃ o ʊ k	t͡ʃ o ʊ k t	s p iː k t	0	0	0
model_stem	s k r æ m b ə l	s k r æ m b ə l d	s m d	p ʊ l	p ʊ l d	s k r æ m b ə l d	1	0	1
model_stem	t͡ʃ ɛ k	t͡ʃ ɛ k t	t͡ʃ o ʊ k	l ʊ k	l ʊ k t	t͡ʃ ɛ k t	1	0	1
model_stem	n ʌ m b ɹ̩	n ʌ m b ɹ̩ d	n m b ə ɹ̩ d	f ɪ ɡ j ɹ̩	f ɪ ɡ j ɹ̩ d	n ʌ m b ɹ̩ d	1	0	1
string	s m a ɪ l	s m a ɪ l d	s m ɪ d	s l a ɪ d	s l ɪ d	NA	1	0	0
string	r iː d	r ɛ d	r ɛ d	n iː d	n iː d ə d	r iː d ə d	0	0	0
string	l a ɪ k	l a ɪ k t	l a ɪ k t	l a ɪ v	l a ɪ v d	l a ɪ k d	1	0	0
string	ʃ o ʊ	ʃ o ʊ d	ʃ ɛ n t	n o ʊ	n uː	ʃ uː	1	0	0
string	b a ɪ t	b ɪ t	b a ɪ t	r a ɪ t	r o ʊ t	b o ʊ t	0	0	0
string	f l a ɪ	f l uː	f l a ɪ d	l a ɪ v	l a ɪ v d	f l a ɪ d	0	1	0
string	h o ʊ p	h o ʊ p t	h ɛ p p t	ɡ o ʊ	w ɛ n t	NA	1	0	0
string	o ʊ p ə n	o ʊ p ə n d	s p ə p n d	h æ p ə n	h æ p ə n d	o ʊ p ə n d	1	0	1
string	r ʌ n	r æ n	r ʌ n	k ʌ m	k e ɪ m	NA	0	0	0
string	t ɔ ɪ	t ɔ ɪ d	t ɔ t	t ɔ k	t ɔ k t	t ɔ ɪ t	1	0	0
string	p l e ɪ	p l e ɪ d	p l uː	p e ɪ	p e ɪ d	p l e ɪ d	1	0	1
string	w ɑː t͡ʃ	w ɑː t͡ʃ t	w ɑː t͡ʃ t	w ɑː ʃ	w ɑː ʃ t	w ɑː t͡ʃ t	1	1	1
string	r iː t͡ʃ	r iː t͡ʃ t	r ɛ t͡ʃ t	t iː t͡ʃ	t ɔ t	r ɔ t	1	0	0
string	æ s k	æ s k t	æ s s t	w ɔ k	w ɔ k t	æ s k t	1	0	1
string	s m ɛ l	s m ɛ l d	s m ɛ l d	s p ɛ l	s p ɛ l d	s m ɛ l d	1	1	1
string	h æ ŋ	h ʌ ŋ	h æ ŋ	h æ v	h æ d	NA	0	0	0
string	r a ɪ d	r o ʊ d	r a ɪ d ə d	r a ɪ t	r o ʊ t	NA	0	0	0
string	s p ɪ l	s p ɪ l d	s p æ l d	s p ɛ l	s p ɛ l d	s p ɪ l d	1	0	1
string	p ɔ r	p ɔ r d	p ɔ r d	ʃ ɔ r	ʃ ɔ r d	p ɔ r d	1	1	1
string	b a ʊ	b a ʊ d	b ɔ t	b a ɪ	b ɔ t	NA	1	0	0
string	t ʌ t͡ʃ	t ʌ t͡ʃ t	t ʌ t͡ʃ t	t iː t͡ʃ	t ɔ t	NA	1	0	0
string	k ɑː z	k ɑː z d	k ɑː z d	t iː z	t iː z d	k ɑː z d	1	1	1
string	s t r a ɪ k	s t r ʌ k	s t r æ k t ə d	t r a ɪ	t r a ɪ d	s t r a ɪ k d	0	0	0
string	h ɹ̩ t	h ɹ̩ t	h ɹ̩ t	s ɪ t	s æ t	NA	0	0	0
string	h iː t	h iː t ə d	h iː t	iː t	e ɪ t	h e ɪ t	1	0	0
string	f l a ʊ ɹ̩	f l a ʊ ɹ̩ d	f l a ʊ l d	f l ʌ ʃ	f l ʌ ʃ t	f l a ʊ ɹ̩ t	1	0	0
string	k l o ʊ z	k l o ʊ z d	k l	b l o ʊ	b l uː	NA	1	0	0
string	m a ɪ n	m a ɪ n d	m a ɪ n d	t a ɪ m	t a ɪ m d	m a ɪ n d	1	1	1
string	v ɪ z ɪ t	v ɪ z ɪ t ə d	v ɪ z d	s p ɪ t	s p æ t	v ɪ z æ t	1	0	0
string	t e ɪ s t	t e ɪ s t ə d	t o ʊ k t	t e ɪ k	t ʊ k	NA	1	0	0
string	b ʌ t ɹ̩	b ʌ t ɹ̩ d	b ʌ t ɹ̩ d	m æ t ɹ̩	m æ t ɹ̩ d	b ʌ t ɹ̩ d	1	1	1
string	m e ɪ l	m e ɪ l d	m e ɪ l d	m e ɪ k	m e ɪ d	NA	1	0	0
string	d ɪ ŋ	d ɪ ŋ d	d ɪ ɡ d	r ɪ ŋ	r æ ŋ	d æ ŋ	1	0	0
string	s t ɑː p	s t ɑː p t	s t e ɪ d	s t iː l	s t o ʊ l	NA	1	0	0
string	ɪ k s a ɪ t	ɪ k s a ɪ t ə d	ɪ s t	s ɪ t	s æ t	ɪ k s a æ t	1	0	0
string	f r a ɪ	f r a ɪ d	f r a ɪ d	t r a ɪ	t r a ɪ d	f r a ɪ d	1	1	1
string	s p iː k	s p o ʊ k	s p ɛ k t	s p ɪ n	s p ʌ n	NA	0	0	0
string	s k r æ m b ə l	s k r æ m b ə l d	s m d	s k r æ t͡ʃ	s k r æ t͡ʃ t	s k r æ m b ə l t	1	0	0
string	t͡ʃ ɛ k	t͡ʃ ɛ k t	t͡ʃ o ʊ k	n ɑː k	n ɑː k t	t͡ʃ ɛ k t	1	0	1
string	n ʌ m b ɹ̩	n ʌ m b ɹ̩ d	n m b ə ɹ̩ d	k ʌ m	k e ɪ m	NA	1	0	0
random	s m a ɪ l	s m a ɪ l d	s m ɪ d	p e ɪ	p e ɪ d	s m a ɪ l d	1	0	1
random	r iː d	r ɛ d	r ɛ d	θ æ ŋ k	θ æ ŋ k t	r iː d t	0	0	0
random	l a ɪ k	l a ɪ k t	l a ɪ k t	k ɪ s	k ɪ s t	l a ɪ k t	1	1	1
random	ʃ o ʊ	ʃ o ʊ d	ʃ ɛ n t	l æ n d	l æ n d ə d	ʃ o ʊ ə d	1	0	0
random	b a ɪ t	b ɪ t	b a ɪ t	m ɛ s	m ɛ s t	b a ɪ t t	0	0	0
random	f l a ɪ	f l uː	f l a ɪ d	ɡ ɪ v	ɡ e ɪ v	NA	0	0	0
random	h o ʊ p	h o ʊ p t	h ɛ p p t	p ʊ t	p ʊ t	h o ʊ p	1	0	0
random	o ʊ p ə n	o ʊ p ə n d	s p ə p n d	k ɔ l	k ɔ l d	o ʊ p ə n d	1	0	1
random	r ʌ n	r æ n	r ʌ n	l ɛ t	l ɛ t	r ʌ n	0	1	0
random	t ɔ ɪ	t ɔ ɪ d	t ɔ t	k o ʊ m	k o ʊ m d	t ɔ ɪ d	1	0	1
random	p l e ɪ	p l e ɪ d	p l uː	t r æ k	t r æ k t	p l e ɪ t	1	0	0
random	w ɑː t͡ʃ	w ɑː t͡ʃ t	w ɑː t͡ʃ t	m iː t	m ɛ t	NA	1	0	0
random	r iː t͡ʃ	r iː t͡ʃ t	r ɛ t͡ʃ t	j uː z	j uː z d	r iː t͡ʃ d	1	0	0
random	æ s k	æ s k t	æ s s t	d͡ʒ ʌ m p	d͡ʒ ʌ m p t	æ s k t	1	0	1
random	s m ɛ l	s m ɛ l d	s m ɛ l d	z ɪ p	z ɪ p t	s m ɛ l t	1	0	0
random	h æ ŋ	h ʌ ŋ	h æ ŋ	ə t r æ k t	ə t r æ k t ə d	h æ ŋ ə d	0	0	0
random	r a ɪ d	r o ʊ d	r a ɪ d ə d	ɡ r o ʊ	ɡ r uː	NA	0	0	0
random	s p ɪ l	s p ɪ l d	s p æ l d	ʃ uː t	ʃ ɑː t	NA	1	0	0
random	p ɔ r	p ɔ r d	p ɔ r d	ɡ ɛ s	ɡ ɛ s t	p ɔ r t	1	0	0
random	b a ʊ	b a ʊ d	b ɔ t	l a ɪ v	l a ɪ v d	b a ʊ d	1	0	1
random	t ʌ t͡ʃ	t ʌ t͡ʃ t	t ʌ t͡ʃ t	k ʌ v ɹ̩	k ʌ v ɹ̩ d	t ʌ t͡ʃ d	1	0	0
random	k ɑː z	k ɑː z d	k ɑː z d	w e ɪ t	w e ɪ t ə d	k ɑː z ə d	1	0	0
random	s t r a ɪ k	s t r ʌ k	s t r æ k t ə d	m e ɪ k	m e ɪ d	s t r a ɪ d	0	0	0
random	h ɹ̩ t	h ɹ̩ t	h ɹ̩ t	s k r æ t͡ʃ	s k r æ t͡ʃ t	h ɹ̩ t t	0	0	0
random	h iː t	h iː t ə d	h iː t	f ɔ l	f ɛ l	NA	1	0	0
random	f l a ʊ ɹ̩	f l a ʊ ɹ̩ d	f l a ʊ l d	p ʊ l	p ʊ l d	f l a ʊ ɹ̩ d	1	0	1
random	k l o ʊ z	k l o ʊ z d	k l	r a ɪ t	r o ʊ t	NA	1	0	0
random	m a ɪ n	m a ɪ n d	m a ɪ n d	b r ɪ ŋ	b r ɔ t	NA	1	0	0
random	v ɪ z ɪ t	v ɪ z ɪ t ə d	v ɪ z d	m iː t	m ɛ t	NA	1	0	0
random	t e ɪ s t	t e ɪ s t ə d	t o ʊ k t	r ɪ ŋ	r æ ŋ	NA	1	0	0
random	b ʌ t ɹ̩	b ʌ t ɹ̩ d	b ʌ t ɹ̩ d	θ ɪ ŋ k	θ ɔ t	NA	1	0	0
random	m e ɪ l	m e ɪ l d	m e ɪ l d	n ɹ̩ s	n ɹ̩ s t	m e ɪ l t	1	0	0
random	d ɪ ŋ	d ɪ ŋ d	d ɪ ɡ d	k a ʊ n t	k a ʊ n t ə d	d ɪ ŋ ə d	1	0	0
random	s t ɑː p	s t ɑː p t	s t e ɪ d	w e ɪ k	w o ʊ k	NA	1	0	0
random	ɪ k s a ɪ t	ɪ k s a ɪ t ə d	ɪ s t	m æ t͡ʃ	m æ t͡ʃ t	ɪ k s a ɪ t t	1	0	0
random	f r a ɪ	f r a ɪ d	f r a ɪ d	m ɪ s	m ɪ s t	f r a ɪ t	1	0	0
random	s p iː k	s p o ʊ k	s p ɛ k t	f l ʌ ʃ	f l ʌ ʃ t	s p iː k t	0	0	0
random	s k r æ m b ə l	s k r æ m b ə l d	s m d	m ɪ s	m ɪ s t	s k r æ m b ə l t	1	0	0
random	t͡ʃ ɛ k	t͡ʃ ɛ k t	t͡ʃ o ʊ k	f ɪ t	f ɪ t	t͡ʃ ɛ k	1	0	0
random	n ʌ m b ɹ̩	n ʌ m b ɹ̩ d	n m b ə ɹ̩ d	t iː z	t iː z d	n ʌ m b ɹ̩ d	1	0	1
