s iː	s ɔ	s ɔ	1
ɡ ɛ t	ɡ ɑː t	ɡ ɑː t	1
ɡ o ʊ	w ɛ n t	ɡ ɑː n t	0
l ɛ t	l ɛ t	l ɛ t	1
ɛ n d͡ʒ ɔ ɪ	ɛ n d͡ʒ ɔ ɪ d	ɛ n d͡ʒ ɔ ɪ d	1
iː t	e ɪ t	e ɪ t	1
w ɪ l	w ɪ l d	w ɪ l d	1
s p ɛ l	s p ɛ l d	s p ɛ l d	1
h æ v	h æ d	h æ d	1
w ɔ n t	w ɔ n t ə d	w ɔ n t ə d	1
n iː d	n iː d ə d	n iː d ə d	1
l ɪ t ɹ̩	l ɪ t ɹ̩ d	l ɪ t ɹ̩ d	1
k ʌ m	k e ɪ m	k ʌ m d	0
p ʊ t	p ʊ t	p ʊ t	1
f ɪ n ɪ ʃ	f ɪ n ɪ ʃ t	f ɪ n ɪ ʃ t	1
k ə n f j uː z	k ə n f j uː z d	k ə n f j uː z d	1
p l e ɪ	p l e ɪ d	p l e ɪ d	1
θ r o ʊ	θ r uː	θ r uː	1
n o ʊ	n uː	n uː	1
h ɹ̩ iː	h ɹ̩ iː d	h ɹ̩ iː d	1
b ɪ l d	b ɪ l t	b ɪ l t	1
w ɪ ʃ	w ɪ ʃ t	w ɪ ʃ t	1
s t ɑː p	s t ɑː p t	s t ɑː p t	1
l a ɪ k	l a ɪ k t	l a ɪ k t	1
m e ɪ k	m e ɪ d	m e ɪ d	1
k ɔ l	k ɔ l d	k ɔ l d	1
t r a ɪ	t r a ɪ d	t r a ɪ d	1
k iː p	k ɛ p t	k ɛ p t	1
j uː z	j uː z d	j uː z d	1
t ɹ̩ n	t ɹ̩ n d	t ɹ̩ n d	1
s e ɪ	s ɛ d	s ɛ d	1
r a ɪ t	r o ʊ t	r o ʊ t	1
p r uː v	p r uː v d	p r uː v d	1
θ ɪ ŋ k	θ ɔ t	θ ɔ t	1
k l iː n	k l iː n d	k l iː n d	1
t ʌ t͡ʃ	t ʌ t͡ʃ t	t ʌ t͡ʃ t	1
ə ɡ r iː	ə ɡ r iː d	ə ɡ r iː d	1
ə n t a ɪ	ə n t a ɪ d	ə n t a ɪ d	1
p ʊ l	p ʊ l d	p ʊ l d	1
ʃ uː t	ʃ ɑː t	ʃ ɑː t	1
f ɪ ɡ j ɹ̩	f ɪ ɡ j ɹ̩ d	f ɪ ɡ j ɹ̩ d	1
s p ɪ l	s p ɪ l d	s p ɪ l d	1
k ɛ r	k ɛ r d	k ɛ r d	1
h iː r	h ɹ̩ d	h ɹ̩ d	1
w e ɪ k	w o ʊ k	w e ɪ d	0
t e ɪ k	t ʊ k	t ʊ k	1
p ɔ r	p ɔ r d	p ɔ r d	1
f iː d	f ɛ d	f ɛ d	1
d ɪ ŋ	d ɪ ŋ d	d ɪ ŋ d	1
n ʌ m b ɹ̩	n ʌ m b ɹ̩ d	n ʌ m b ɹ̩ d	1
l ɪ s ə n	l ɪ s ə n d	l ɪ s ə n d	1
k ɪ k	k ɪ k t	k ɪ k t	1
d ʌ m p	d ʌ m p t	d ʌ m p t	1
l ʌ v	l ʌ v d	l ʌ v d	1
h ɛ l p	h ɛ l p t	h ɛ l p t	1
b r ɪ ŋ	b r ɔ t	b r ɔ t	1
m ɪ k s	m ɪ k s t	m ɪ k s t	1
k r a ɪ	k r a ɪ d	k r a ɪ d	1
r iː d	r ɛ d	r ɛ d	1
p ɑː p	p ɑː p t	p ɑː p t	1
h ɪ t	h ɪ t	h ɪ t	1
f ɪ k s	f ɪ k s t	f ɪ k s t	1
ʃ ʌ t	ʃ ʌ t	ʃ ʌ t	1
k ɑː z	k ɑː z d	k ɑː z d	1
f iː l	f ɛ l t	f ɛ l t	1
b l ɑː k	b l ɑː k t	b l ɑː k t	1
r ɪ ŋ	r æ ŋ	r æ ŋ	1
n o ʊ t ɪ s	n o ʊ t ɪ s t	n o ʊ t ɪ s t	1
l ɹ̩ n	l ɹ̩ n d	l ɹ̩ n d	1
s a ʊ n d	s a ʊ n d ə d	s a ʊ n d ə d	1
s a ɪ d	s a ɪ d ə d	s a ɪ d ə d	1
k o ʊ m	k o ʊ m d	k o ʊ m d	1
t r ʌ s t	t r ʌ s t ə d	t r ʌ s t ə d	1
v ɪ z ɪ t	v ɪ z ɪ t ə d	v ɪ z ɪ t ə d	1
w ɑː ʃ	w ɑː ʃ t	w ɑː ʃ t	1
k ɪ s	k ɪ s t	k ɪ s t	1
k æ r iː	k æ r iː d	k æ r iː d	1
w e ɪ t	w e ɪ t ə d	w e ɪ t ə d	1
h ɹ̩ t	h ɹ̩ t	h ɹ̩ t	1
b ɑː ð ɹ̩	b ɑː ð ɹ̩ d	b ɑː ð ɹ̩ d	1
h ʌ ɡ	h ʌ ɡ d	h ʌ ɡ d	1
æ s k	æ s k t	æ s k t	1
m æ t͡ʃ	m æ t͡ʃ t	m æ t͡ʃ t	1
n ɪ b ə l	n ɪ b ə l d	n ɪ b ə l d	1
b r e ɪ d	b r e ɪ d ə d	b r e ɪ d ə d	1
s t ʌ d iː	s t ʌ d iː d	s t ʌ d iː d	1
k ʊ ʃ ə n	k ʊ ʃ ə n d	k ʊ ʃ ə n d	1
ə n d ɹ̩ s t æ n d	ə n d ɹ̩ s t ʊ d	ə n d ɹ̩ s t ʊ d	1
ɪ k s k j uː z	ɪ k s k j uː z d	ɪ k s k j uː z d	1
t͡ʃ e ɪ s	t͡ʃ e ɪ s t	t͡ʃ e ɪ s t	1
s t æ n d	s t ʊ d	s t ʊ d	1
f l a ɪ	f l uː	f l uː	1
ɪ n t r ə d uː s	ɪ n t r ə d uː s t	ɪ n t r ə d uː s t	1
p ɪ t͡ʃ	p ɪ t͡ʃ t	p ɪ t͡ʃ t	1
s m a ɪ l	s m a ɪ l d	s m a ɪ l d	1
d r ɛ s	d r ɛ s t	d r ɛ s t	1
b ɹ̩ n	b ɹ̩ n d	b ɹ̩ n d	1
b l o ʊ	b l uː	b l uː	1
d r ɑː p	d r ɑː p t	d r ɑː p t	1
h æ ŋ	h ʌ ŋ	h æ ŋ	0
d r ɔ	d r uː	d r uː	1
p ɪ k	p ɪ k t	p ɪ k t	1
w ɔ k	w ɔ k t	w ɔ k t	1
r iː v j uː	r iː v j uː d	r iː v j uː d	1
s t ɹ̩	s t ɹ̩ d	s t ɹ̩ d	1
s k ɛ r	s k ɛ r d	s k ɛ r d	1
k æ t͡ʃ	k ɔ t	k æ t͡ʃ t	0
h o ʊ l d	h ɛ l d	h ɛ l d	1
t a ɪ	t a ɪ d	t a ɪ d	1
s t ɛ p	s t ɛ p t	s t ɛ p t	1
s m ɛ l	s m ɛ l d	s m ɛ l d	1
h o ʊ p	h o ʊ p t	h o ʊ p t	1
ʃ ɛ r	ʃ ɛ r d	ʃ ɛ r d	1
p ʊ ʃ	p ʊ ʃ t	p ʊ ʃ t	1
b ɛ t	b ɛ t	b ɛ t	1
p r e ɪ z	p r e ɪ z d	p r e ɪ z d	1
s ɹ̩ v	s ɹ̩ v d	s ɹ̩ v d	1
s l iː p	s l ɛ p t	s l ɛ p t	1
l a ɪ t	l ɪ t	l ɪ t	1
h ʊ k	h ʊ k t	h ʊ k t	1
ʃ o ʊ	ʃ o ʊ d	ʃ o ʊ d	1
r e ɪ n	r e ɪ n d	r e ɪ n d	1
m ɛ l t	m ɛ l t ə d	m ɛ l t ə d	1
r ʌ n	r æ n	r æ n	1
ɡ r o ʊ	ɡ r uː	ɡ r uː	1
s p r ɛ d	s p r ɛ d	s p r ɛ d	1
k ɑː s t	k ɑː s t	k ɑː s t	1
ɪ m p r uː v	ɪ m p r uː v d	ɪ m p r uː v d	1
p ɔ ɪ n t	p ɔ ɪ n t ə d	p ɔ ɪ n t ə d	1
b iː t	b iː t	b iː t	1
r ɪ m e ɪ n	r ɪ m e ɪ n d	r ɪ m e ɪ n d	1
d r a ɪ	d r a ɪ d	d r a ɪ d	1
s t ɑː r t	s t ɑː r t ə d	s t ɑː r t ə d	1
s ɔ r t	s ɔ r t ə d	s ɔ r t ə d	1
t a ɪ m	t a ɪ m d	t a ɪ m d	1
f o ʊ l d	f o ʊ l d ə d	f o ʊ l d ə d	1
m iː t	m ɛ t	m ɛ t	1
ɡ r a ʊ l	ɡ r a ʊ l d	ɡ r a ʊ l d	1
k l o ʊ z	k l o ʊ z d	k l o ʊ z d	1
s k w iː k	s k w iː k t	s k w iː k t	1
k ə n t ɪ n j uː	k ə n t ɪ n j uː d	k ə n t ɪ n j uː d	1
s ɛ n d	s ɛ n t	s ɛ n t	1
s iː m	s iː m d	s iː m d	1
z uː m	z uː m d	z uː m d	1
w e ɪ v	w e ɪ v d	w e ɪ v d	1
ɡ ɑː b ə l	ɡ ɑː b ə l d	ɡ ɑː b ə l d	1
b ʌ b ə l	b ʌ b ə l d	b ʌ b ə l d	1
r iː p e ɪ n t	r iː p e ɪ n t ə d	r iː p e ɪ n t ə d	1
f ɪ t	f ɪ t	f ɪ t	1
l uː z	l ɔ s t	l ɔ s t	1
d æ n s	d æ n s t	d æ n s t	1
r ɛ n t͡ʃ	r ɛ n t͡ʃ t	r ɛ n t͡ʃ t	1
b ɪ ɡ ɪ n	b ɪ ɡ æ n	b ɪ ɡ æ n	1
p ɑː r k	p ɑː r k t	p ɑː r k t	1
f a ɪ n d	f a ʊ n d	f a ʊ n d	1
ɡ ɑː r d	ɡ ɑː r d ə d	ɡ ɑː r d ə d	1
l a ɪ	l e ɪ	l e ɪ	1
b ɛ n d	b ɛ n d ə d	b ɛ n d ə d	1
ʃ e ɪ k	ʃ ʊ k	ʃ ʊ k	1
t r æ p	t r æ p t	t r æ p t	1
p r ɛ s	p r ɛ s t	p r ɛ s t	1
s k a ʊ t	s k a ʊ t ə d	s k a ʊ t ə d	1
p uː p	p uː p t	p uː p t	1
s k r uː	s k r uː d	s k r uː d	1
d a ɪ ə l	d a ɪ ə l d	d a ɪ ə l d	1
d ɪ p ɛ n d	d ɪ p ɛ n d ə d	d ɪ p ɛ n d ə d	1
s l a ɪ d	s l ɪ d	s l ɪ d	1
n ɑː k	n ɑː k t	n ɑː k t	1
b ɑː r	b ɑː r d	b ɑː r d	1
b iː d	b iː d ə d	b iː d ə d	1
s p æ ŋ k	s p æ ŋ k t	s p æ ŋ k t	1
b a ɪ t	b ɪ t	b ɪ t	1
p r ə f ɹ̩	p r ə f ɹ̩ d	p r ə f ɹ̩ d	1
k ʌ v ɹ̩	k ʌ v ɹ̩ d	k ʌ v ɹ̩ d	1
l æ f	l æ f t	l æ f t	1
s ə d͡ʒ ɛ s t	s ə d͡ʒ ɛ s t ə d	s ə d͡ʒ ɛ s t ə d	1
p ɪ n t͡ʃ	p ɪ n t͡ʃ t	p ɪ n t͡ʃ t	1
t ɔ k	t ɔ k t	t ɔ k t	1
k ʌ l ɹ̩	k ʌ l ɹ̩ d	k ʌ l ɹ̩ d	1
h a ɪ d	h ɪ d	h ɪ d	1
d ɔ ɡ	d ɔ ɡ d	d ɔ ɡ d	1
r ɑː t	r ɑː t ə d	r ɑː t ə d	1
l e ɪ	l e ɪ d	l e ɪ d	1
p ɛ t	p ɛ t ə d	p ɛ t ə d	1
w a ɪ n d	w a ɪ n d ə d	w a ɪ n d ə d	1
p ɑː r d ə n	p ɑː r d ə n d	p ɑː r d ə n d	1
w ʌ n d ɹ̩	w ʌ n d ɹ̩ d	w ʌ n d ɹ̩ d	1
t o ʊ	t o ʊ d	t o ʊ d	1
o ʊ	o ʊ d	o ʊ d	1
t͡ʃ ɛ k	t͡ʃ ɛ k t	t͡ʃ ɛ k t	1
k uː l	k uː l d	k uː l d	1
r ɛ k ə ɡ n a ɪ z	r ɛ k ə ɡ n a ɪ z d	r ɛ k ə ɡ n a ɪ z d	1
f ɑː l o ʊ	f ɑː l o ʊ d	f ɑː l o ʊ d	1
k ʌ t	k ʌ t	k ʌ t	1
s e ɪ v	s e ɪ v d	s e ɪ v d	1
t͡ʃ ʌ ɡ	t͡ʃ ʌ ɡ d	t͡ʃ ʌ ɡ d	1
d ɪ s a ɪ d	d ɪ s a ɪ d ə d	d ɪ s a ɪ d ə d	1
k a ʊ n t	k a ʊ n t ə d	k a ʊ n t ə d	1
d ɪ ɡ	d ʌ ɡ	d ʌ ɡ	1
t e ɪ s t	t e ɪ s t ə d	t e ɪ s t ə d	1
t r e ɪ n	t r e ɪ n d	t r e ɪ n d	1
r ɔ r	r ɔ r d	r ɔ r d	1
r o ʊ l	r o ʊ l d	r o ʊ l d	1
b ɪ k ʌ m	b ɪ k e ɪ m	b ɪ k e ɪ m	1
t ɪ k ə l	t ɪ k ə l d	t ɪ k ə l d	1
s p ɛ n d	s p ɛ n t	s p ɛ n t	1
t iː z	t iː z d	t iː z d	1
d r ɪ ŋ k	d r æ ŋ k	d r æ ŋ k	1
b ɛ r	b o ʊ r	b ɛ r d	0
b ɪ l iː v	b ɪ l iː v d	b ɪ l iː v d	1
r ɛ k	r ɛ k t	r ɛ k t	1
iː v ɪ n	iː v ɪ n d	iː v ɪ n d	1
z ɪ p	z ɪ p t	z ɪ p t	1
p iː k	p iː k t	p iː k t	1
b ʌ m p	b ʌ m p t	b ʌ m p t	1
p æ n t	p æ n t ə d	p æ n t ə d	1
t͡ʃ o ʊ k	t͡ʃ o ʊ k t	t͡ʃ o ʊ k t	1
s t ɪ l	s t ɪ l d	s t ɪ l d	1
t e ɪ p	t e ɪ p t	t e ɪ p t	1
s ɛ t	s ɛ t	s ɛ t	1
l o ʊ d	l o ʊ d ə d	l o ʊ d ə d	1
p æ k	p æ k t	p æ k t	1
l ɪ k	l ɪ k t	l ɪ k t	1
p æ k ɪ d͡ʒ	p æ k ɪ d͡ʒ d	p æ k ɪ d͡ʒ d	1
s p ɪ n	s p ʌ n	s p ʌ n	1
s w ɪ m	s w æ m	s w æ m	1
k r æ k	k r æ k t	k r æ k t	1
r ɛ s k j uː	r ɛ s k j uː d	r ɛ s k j uː d	1
r o ʊ s t	r o ʊ s t ə d	r o ʊ s t ə d	1
b r ʌ ʃ	b r ʌ ʃ t	b r ʌ ʃ t	1
f a ɪ t	f ɔ t	f ɔ t	1
p r iː t ɛ n d	p r iː t ɛ n d ə d	p r iː t ɛ n d ə d	1
ɪ m æ d͡ʒ ə n	ɪ m æ d͡ʒ ə n d	ɪ m æ d͡ʒ ə n d	1
b æ k	b æ k t	b æ k t	1
w ɔ r m	w ɔ r m d	w ɔ r m d	1
s k ɔ r	s k ɔ r d	s k ɔ r d	1
d ɪ l ɪ v ɹ̩	d ɪ l ɪ v ɹ̩ d	d ɪ l ɪ v ɹ̩ d	1
b uː	b uː d	b uː d	1
s ɑː l v	s ɑː l v d	s ɑː l v d	1
n ɪ t	n ɪ t ə d	n ɪ t ə d	1
